Lipinski_ro5,Ghose,Veber,REOS,QED,Flag,SMILES,eos,Type
0,0,0,0,0,0,CC(C)(C)NC(=O)[C@H]1CC[C@H]2[C@@H]3CC[C@H]4NC(=O)C=C[C@]4(C)[C@H]3CC[C@]12C,EOS100002,PassedAllFilters
0,0,0,0,0,0,COc1cc(NS(C)(=O)=O)ccc1Nc1c2ccccc2nc2ccccc12,EOS100017,PassedAllFilters
0,0,0,0,0,0,Cc1ccc(Sc2ccccc2N2CCNCC2)c(C)c1,EOS100018,PassedAllFilters
0,0,0,0,0,0,CC(=O)Oc1ccc(C(c2ccc(OC(C)=O)cc2)c2ccccn2)cc1,EOS100019,PassedAllFilters
0,0,0,0,0,0,Cc1cc(/C=C/C#N)cc(C)c1Nc1ccnc(Nc2ccc(C#N)cc2)n1,EOS100150,PassedAllFilters
0,0,0,0,0,0,CNC(=O)c1c(C)oc2cc(Oc3ncnc4cc(OC)c(OC)cc34)ccc12,EOS100301,PassedAllFilters
0,0,0,0,0,0,CN1[C@@H]2CC[C@H]1C[C@@H](OC(=O)c1c[nH]c3ccccc13)C2,EOS100327,PassedAllFilters
0,0,0,0,0,0,COc1cc(Cc2cnc(N)nc2N)cc(OC)c1OC,EOS100345,PassedAllFilters
0,0,0,0,0,0,CC(=O)O[C@]1(C(C)=O)CC[C@H]2[C@@H]3C[C@H](C)C4=CC(=O)CC[C@]4(C)[C@H]3CC[C@@]21C,EOS100354,PassedAllFilters
0,0,0,0,0,0,CC1=C(C(=O)O)N2C(=O)[C@@H](NC(=O)[C@H](N)c3ccccc3)[C@H]2SC1,EOS100358,PassedAllFilters
0,0,0,0,0,0,Cc1ccc(N(CC2=NCCN2)c2cccc(O)c2)cc1,EOS100368,PassedAllFilters
0,0,0,0,0,0,CC(=O)O[C@]1(C(C)=O)CC[C@H]2[C@@H]3C=C(C)C4=CC(=O)CC[C@]4(C)[C@H]3CC[C@@]21C,EOS100374,PassedAllFilters
0,0,0,0,0,0,CNCCCC1c2ccccc2C=Cc2ccccc21,EOS100375,PassedAllFilters
0,0,0,0,0,0,COc1ccc(C(CN(C)C)C2(O)CCCCC2)cc1,EOS100379,PassedAllFilters
0,0,0,0,0,0,N#C[C@@H]1CCCN1C(=O)CNC12CC3CC(CC(O)(C3)C1)C2,EOS100399,PassedAllFilters
0,0,0,0,0,0,CC(C(=O)O)c1ccc(N2Cc3ccccc3C2=O)cc1,EOS100564,PassedAllFilters
0,0,0,0,0,0,CCn1cc(C(=O)O)c(=O)c2cc(F)c(N3CCNCC3)cc21,EOS100573,PassedAllFilters
0,0,0,0,0,0,O=C(Nc1ccc([N+](=O)[O-])cc1Cl)c1cc(Cl)ccc1O,EOS100585,PassedAllFilters
0,0,0,0,0,0,O=C(O)c1cccnc1Nc1cccc(C(F)(F)F)c1,EOS100592,PassedAllFilters
0,0,0,0,0,0,CN1CC(=O)N2[C@H](c3ccc4c(c3)OCO4)c3[nH]c4ccccc4c3C[C@@H]2C1=O,EOS100596,PassedAllFilters
0,0,0,0,0,0,CN1CCN(C2=Nc3cc(Cl)ccc3Nc3ccccc32)CC1,EOS100602,PassedAllFilters
0,0,0,0,0,0,CCCN1C[C@H](CSC)C[C@@H]2c3cccc4[nH]cc(c34)C[C@H]21,EOS100629,PassedAllFilters
0,0,0,0,0,0,COc1ccc(-c2cc(=O)c3c(O)cc(O)cc3o2)cc1O,EOS100653,PassedAllFilters
0,0,0,0,0,0,CC(/C=C1\SC(=S)N(CC(=O)O)C1=O)=C\c1ccccc1,EOS100659,PassedAllFilters
0,0,0,0,0,0,C[N+]1(C)CCC(OC(=O)C(O)(c2ccccc2)C2CCCC2)C1,EOS100666,PassedAllFilters
0,0,0,0,0,0,C[C@H]1CNCCCN1S(=O)(=O)c1cccc2cncc(F)c12,EOS100692,PassedAllFilters
0,0,0,0,0,0,Cc1cc2c(s1)Nc1ccccc1N=C2N1CCN(C)CC1,EOS100696,PassedAllFilters
0,0,0,0,0,0,COC(=O)C1=C(C#N)NC(C)=C(C(=O)OC(C)C)C1c1cccc([N+](=O)[O-])c1,EOS100706,PassedAllFilters
0,0,0,0,0,0,CN(C/C=C/C#CC(C)(C)C)Cc1cccc2ccccc12,EOS100708,PassedAllFilters
0,0,0,0,0,0,C[C@@H](c1ncncc1F)[C@](O)(Cn1cncn1)c1ccc(F)cc1F,EOS100716,PassedAllFilters
0,0,0,0,0,0,C[C@@H](O)[C@H]1C(=O)N2C(C(=O)O)=C(S[C@@H]3CN[C@H](C(=O)N(C)C)C3)[C@H](C)[C@H]12,EOS100723,PassedAllFilters
0,0,0,0,0,0,Cc1ccnc2c1NC(=O)c1cccnc1N2C1CC1,EOS100724,PassedAllFilters
0,0,0,0,0,0,C[C@@H]1CC[C@H]2[C@@H](C)C(=O)O[C@@H]3O[C@@]4(C)CC[C@@H]1[C@]32OO4,EOS100729,PassedAllFilters
0,0,0,0,0,0,CN(C/C=C/c1ccccc1)Cc1cccc2ccccc12,EOS100732,PassedAllFilters
0,0,0,0,0,0,Cc1[nH]cnc1CN1CCc2c(c3ccccc3n2C)C1=O,EOS100739,PassedAllFilters
0,0,0,0,0,0,CC(C)(Oc1ccc(C(=O)c2ccc(Cl)cc2)cc1)C(=O)O,EOS100758,PassedAllFilters
0,0,0,0,0,0,OC(CCN1CCCCC1)(c1ccccc1)C1CC2C=CC1C2,EOS100762,PassedAllFilters
0,0,0,0,0,0,CN1C(=O)COc2c(C(=O)NC3CN4CCC3CC4)cc(Cl)cc21,EOS100763,PassedAllFilters
0,0,0,0,0,0,CN(C)CCCN1c2ccccc2CCc2ccccc21,EOS100770,PassedAllFilters
0,0,0,0,0,0,CNCCCN1c2ccccc2CCc2ccccc21,EOS100774,PassedAllFilters
0,0,0,0,0,0,C[C@H](CCC(=O)O)[C@H]1CC[C@H]2[C@@H]3CC[C@@H]4C[C@H](O)CC[C@]4(C)[C@H]3C[C@H](O)[C@]12C,EOS100798,PassedAllFilters
0,0,0,0,0,0,CCS(=O)(=O)N1CC(CC#N)(n2cc(-c3ncnc4[nH]ccc34)cn2)C1,EOS100800,PassedAllFilters
0,0,0,0,0,0,CCc1ccc(Cc2ccc3c(c2)[C@]2(OC3)O[C@H](CO)[C@@H](O)[C@H](O)[C@H]2O)cc1,EOS100802,PassedAllFilters
0,0,0,0,0,0,COC(=O)Nc1nc2ccc(C(=O)c3ccccc3)cc2[nH]1,EOS100806,PassedAllFilters
0,0,0,0,0,0,Cc1cc(-c2ccccc2)nnc1NCCN1CCOCC1,EOS100831,PassedAllFilters
0,0,0,0,0,0,Clc1ccc(Cn2c(CN3CCCC3)nc3ccccc32)cc1,EOS100839,PassedAllFilters
0,0,0,0,0,0,COc1ncnc(NS(=O)(=O)c2ccc(N)cc2)c1OC,EOS100863,PassedAllFilters
0,0,0,0,0,0,O=C1Nc2ccc(Cl)cc2[C@@](C#CC2CC2)(C(F)(F)F)O1,EOS100886,PassedAllFilters
0,0,0,0,0,0,CN1CCC(=C2c3ccccc3C=Cc3ccccc32)CC1,EOS100923,PassedAllFilters
0,0,0,0,0,0,CC1=C(CC(=O)O)c2cc(F)ccc2/C1=C\c1ccc(S(C)=O)cc1,EOS100991,PassedAllFilters
0,0,0,0,0,0,CO/N=C1\CN(c2nc3c(cc2F)c(=O)c(C(=O)O)cn3C2CC2)CC1CN,EOS100994,PassedAllFilters
0,0,0,0,0,0,C[C@@H]1CCN(C(=O)CC#N)C[C@@H]1N(C)c1ncnc2[nH]ccc12,EOS101004,PassedAllFilters
0,0,0,0,0,0,CC1(C)O[C@@H]2[C@@H](CO[C@@]3(COS(N)(=O)=O)OC(C)(C)O[C@@H]23)O1,EOS101043,PassedAllFilters
0,0,0,0,0,0,CC1(C)CCC(C)(C)c2cc(NC(=O)c3ccc(C(=O)O)cc3)ccc21,EOS101048,PassedAllFilters
0,0,0,0,0,0,O=C1c2cccc3c2[C@H](CCC3)CN1[C@@H]1CN2CCC1CC2,EOS101052,PassedAllFilters
0,0,0,0,0,0,CCN(CC)C(=O)/C(C#N)=C/c1cc(O)c(O)c([N+](=O)[O-])c1,EOS101059,PassedAllFilters
0,0,0,0,0,0,O=c1oc2ccccc2c(O)c1Cc1c(O)c2ccccc2oc1=O,EOS101096,PassedAllFilters
0,0,0,0,0,0,C[C@]12CC[C@H]3[C@@H](CCC4=CC(=O)CC[C@@]43C)[C@@H]1CC[C@@H]2C(=O)CO,EOS101106,PassedAllFilters
0,0,0,0,0,0,O=C(O)c1ccccc1Nc1cccc(C(F)(F)F)c1,EOS101118,PassedAllFilters
0,0,0,0,0,0,CCOC(=O)c1ncn2c1CN(C)C(=O)c1cc(F)ccc1-2,EOS101122,PassedAllFilters
0,0,0,0,0,0,C[C@]12CC[C@@H]3c4ccc(O)cc4CC[C@H]3[C@@H]1CC[C@@H]2O,EOS101124,PassedAllFilters
0,0,0,0,0,0,CN1[C@@H]2C[C@@H](OC(=O)[C@H](CO)c3ccccc3)C[C@H]1[C@@H]1O[C@@H]12,EOS101136,PassedAllFilters
0,0,0,0,0,0,CC(=O)[C@H]1CC[C@H]2[C@@H]3CCC4=CC(=O)CC[C@]4(C)[C@H]3CC[C@]12C,EOS101196,PassedAllFilters
0,0,0,0,0,0,CN1CC[C@@H](NC(=O)Nc2ccc(C#N)cc2)C[C@@H]1c1nc2ccccc2[nH]1,EOS101210,PassedAllFilters
0,0,0,0,0,0,CN(C)CCCC1(c2ccc(F)cc2)OCc2cc(C#N)ccc21,EOS101224,PassedAllFilters
0,0,0,0,0,0,CNS(=O)(=O)CCc1ccc2[nH]cc(C3CCN(C)CC3)c2c1,EOS101235,PassedAllFilters
0,0,0,0,0,0,Cc1ccc(C(=O)c2cc(O)c(O)c([N+](=O)[O-])c2)cc1,EOS101243,PassedAllFilters
0,0,0,0,0,0,CC(=O)c1ccc(S(=O)(=O)NC(=O)NC2CCCCC2)cc1,EOS101253,PassedAllFilters
0,0,0,0,0,0,N#CC[C@H](C1CCCC1)n1cc(-c2ncnc3[nH]ccc23)cn1,EOS101294,PassedAllFilters
0,0,0,0,0,0,COc1cc2nc(N3CCN(C(=O)c4ccco4)CC3)nc(N)c2cc1OC,EOS101299,PassedAllFilters
0,0,0,0,0,0,C[C@@H]1C[C@H]2[C@@H]3CCC4=CC(=O)C=C[C@]4(C)[C@@]3(F)[C@@H](O)C[C@]2(C)[C@H]1C(=O)CO,EOS101314,PassedAllFilters
0,0,0,0,0,0,CN1CCCC(n2nc(Cc3ccc(Cl)cc3)c3ccccc3c2=O)CC1,EOS101316,PassedAllFilters
0,0,0,0,0,0,NS(=O)(=O)c1cc2c(cc1Cl)NC(C(Cl)Cl)NS2(=O)=O,EOS101325,PassedAllFilters
0,0,0,0,0,0,CN(C)C(=O)Oc1cc(OC(=O)N(C)C)cc(C(O)CNC(C)(C)C)c1,EOS101328,PassedAllFilters
0,0,0,0,0,0,C[C@]12C=CC(=O)C=C1CC[C@@H]1[C@@H]2[C@@H](O)C[C@@]2(C)[C@H]1CC[C@]2(O)C(=O)CO,EOS101333,PassedAllFilters
0,0,0,0,0,0,O=C(O)c1ccc2nc(-c3cc(Cl)cc(Cl)c3)oc2c1,EOS101338,PassedAllFilters
0,0,0,0,0,0,Cc1ccc(-c2cc(C(F)(F)F)nn2-c2ccc(S(N)(=O)=O)cc2)cc1,EOS101363,PassedAllFilters
0,0,0,0,0,0,COc1ccc2c3c1O[C@H]1C[C@@H](O)C=C[C@@]31CCN(C)C2,EOS101393,PassedAllFilters
0,0,0,0,0,0,CC(=O)[C@H]1CC[C@H]2[C@@H]3CC[C@H]4C[C@H](O)CC[C@]4(C)[C@H]3CC[C@]12C,EOS101403,PassedAllFilters
0,0,0,0,0,0,CCOC(=O)C1=C(C)NC(C)=C(C(=O)OC)C1c1cccc([N+](=O)[O-])c1,EOS101419,PassedAllFilters
0,0,0,0,0,0,CN1CCN(CC(=O)N2c3ccccc3C(=O)Nc3cccnc32)CC1,EOS101420,PassedAllFilters
0,0,0,0,0,0,COC(=O)[C@H](c1ccccc1Cl)N1CCc2sccc2C1,EOS101424,PassedAllFilters
0,0,0,0,0,0,C[C@]12CC[C@@H]3c4ccc(O)cc4CC[C@H]3[C@@H]1C[C@@H](O)[C@@H]2O,EOS101454,PassedAllFilters
0,0,0,0,0,0,N=C(N)Nc1ccc(C(=O)Oc2ccc3cc(C(=N)N)ccc3c2)cc1,EOS101487,PassedAllFilters
0,0,0,0,0,0,C[C@]12CC[C@@H]3c4ccc(O)cc4CC[C@H]3[C@@H]1CCC2=O,EOS101512,PassedAllFilters
0,0,0,0,0,0,Cn1cc(C(=O)[C@@H]2CCc3nc[nH]c3C2)c2ccccc21,EOS101514,PassedAllFilters
0,0,0,0,0,0,Nc1nc(Cl)nc2c1ncn2[C@@H]1O[C@H](CO)[C@@H](O)[C@@H]1F,EOS101535,PassedAllFilters
0,0,0,0,0,0,CCOC(=O)C1=C(C)NC(C)=C(C(=O)OC)C1c1cccc(Cl)c1Cl,EOS101545,PassedAllFilters
0,0,0,0,0,0,C#C[C@]1(O)CC[C@H]2[C@@H]3CCc4cc(O)ccc4[C@H]3CC[C@@]21C,EOS101551,PassedAllFilters
0,0,0,0,0,0,C[C@H]1C[C@H]2[C@@H]3CCC4=CC(=O)C=C[C@]4(C)[C@@]3(F)[C@@H](O)C[C@]2(C)[C@@]1(O)C(=O)CO,EOS101557,PassedAllFilters
0,0,0,0,0,0,CC(Cc1ccc(O)c(O)c1)C(C)Cc1ccc(O)c(O)c1,EOS101563,PassedAllFilters
0,0,0,0,0,0,CCCCN1CCCC[C@H]1C(=O)Nc1c(C)cccc1C,EOS101569,PassedAllFilters
0,0,0,0,0,0,COC(=O)C1=C(C)NC(C)=C(C(=O)OC)C1c1ccccc1[N+](=O)[O-],EOS101574,PassedAllFilters
0,0,0,0,0,0,CC/C(=C(/CC)c1ccc(O)cc1)c1ccc(O)cc1,EOS101575,PassedAllFilters
0,0,0,0,0,0,CN(C)CCCN1c2ccccc2CCc2ccc(Cl)cc21,EOS101580,PassedAllFilters
0,0,0,0,0,0,C=C[C@H]1CN2CC[C@H]1C[C@H]2[C@H](O)c1ccnc2ccc(OC)cc12,EOS101583,PassedAllFilters
0,0,0,0,0,0,COc1ccc2c(C(=S)N(C)CC(=O)O)cccc2c1C(F)(F)F,EOS101605,PassedAllFilters
0,0,0,0,0,0,CNCc1ccc(-c2[nH]c3cc(F)cc4c3c2CCNC4=O)cc1,EOS101618,PassedAllFilters
0,0,0,0,0,0,Cn1ncnc1[C@H]1c2n[nH]c(=O)c3cc(F)cc(c23)N[C@@H]1c1ccc(F)cc1,EOS101619,PassedAllFilters
0,0,0,0,0,0,NC(=O)c1cccc2cn(-c3ccc([C@@H]4CCCNC4)cc3)nc12,EOS101620,PassedAllFilters
0,0,0,0,0,0,Cc1onc(-c2ccccc2)c1-c1ccc(S(N)(=O)=O)cc1,EOS101622,PassedAllFilters
0,0,0,0,0,0,Cn1c(=O)cc(N2CCC[C@@H](N)C2)n(Cc2ccccc2C#N)c1=O,EOS101628,PassedAllFilters
0,0,0,0,0,0,COc1ccc2nc(S(=O)Cc3ncc(C)c(OC)c3C)[nH]c2c1,EOS101645,PassedAllFilters
0,0,0,0,0,0,Fc1ccc([C@@H]2CCNC[C@H]2COc2ccc3c(c2)OCO3)cc1,EOS101651,PassedAllFilters
0,0,0,0,0,0,COc1cc2c(cc1OC)C1CC(=O)C(CC(C)C)CN1CC2,EOS101652,PassedAllFilters
0,0,0,0,0,0,Oc1ccc(C2CNCCc3c2cc(O)c(O)c3Cl)cc1,EOS101653,PassedAllFilters
0,0,0,0,0,0,COc1cc2c(c(OC)c1OC)-c1ccc(OC)c(=O)cc1[C@@H](NC(C)=O)CC2,EOS101661,PassedAllFilters
0,0,0,0,0,0,CC(=O)[C@H]1CC[C@H]2[C@@H]3C=CC4=CC(=O)CC[C@@]4(C)[C@@H]3CC[C@]12C,EOS101687,PassedAllFilters
0,0,0,0,0,0,C[C@]12CCC(=O)C=C1CC[C@@H]1[C@@H]2[C@@H](O)C[C@@]2(C)[C@H]1CC[C@]2(O)C(=O)CO,EOS101695,PassedAllFilters
0,0,0,0,0,0,CN(C)CC/C=C1\c2ccccc2COc2ccccc21,EOS101703,PassedAllFilters
0,0,0,0,0,0,C[C@]12CCC(=O)C=C1[C@@H]1C[C@@H]1[C@H]1[C@@H]3[C@@H]4C[C@@H]4[C@@]4(CCC(=O)O4)[C@@]3(C)CC[C@@H]12,EOS101705,PassedAllFilters
0,0,0,0,0,0,O=c1[nH]c2ccccc2n1CCN1CCN(c2cccc(C(F)(F)F)c2)CC1,EOS101706,PassedAllFilters
0,0,0,0,0,0,Cc1nc(-c2ccc(OCC(C)C)c(C#N)c2)sc1C(=O)O,EOS101709,PassedAllFilters
0,0,0,0,0,0,Cc1c(OCC(F)(F)F)ccnc1CS(=O)c1nc2ccccc2[nH]1,EOS101713,PassedAllFilters
0,0,0,0,0,0,O=C1CCCC(=O)C1C(=O)c1ccc(C(F)(F)F)cc1[N+](=O)[O-],EOS101724,PassedAllFilters
0,0,0,0,0,0,CS(=O)(=O)n1cc2c(n1)CN([C@H]1CO[C@H](c3cc(F)ccc3F)[C@@H](N)C1)C2,EOS101730,PassedAllFilters
0,0,0,0,0,0,COC(=O)C1=C(C)NC(C)=C(C(=O)OC(C)C)C1c1cccc2nonc12,EOS101731,PassedAllFilters
0,0,0,0,0,0,C[N+]12CCC(CC1)C(OC(=O)C(O)(c1ccccc1)c1ccccc1)C2,EOS101749,PassedAllFilters
0,0,0,0,0,0,C[N+]1(C)[C@@H]2C[C@@H](OC(=O)C(O)(c3cccs3)c3cccs3)C[C@H]1[C@@H]1O[C@@H]12,EOS101750,PassedAllFilters
0,0,0,0,0,0,CN1CCC(C(=O)c2cccc(NC(=O)c3c(F)cc(F)cc3F)n2)CC1,EOS101769,PassedAllFilters
0,0,0,0,0,0,CNCCCC12CCC(c3ccccc31)c1ccccc12,EOS101781,PassedAllFilters
0,0,0,0,0,0,CN1C[C@@H]2c3ccccc3Oc3ccc(Cl)cc3[C@H]2C1,EOS101782,PassedAllFilters
0,0,0,0,0,0,O=C(c1ccc(F)cc1)C1CCN(CCn2c(=O)[nH]c3ccccc3c2=O)CC1,EOS101795,PassedAllFilters
0,0,0,0,0,0,C[N+]1(C)[C@@H]2C[C@@H](OC(=O)[C@H](CO)c3ccccc3)C[C@H]1[C@@H]1O[C@@H]12,EOS101812,PassedAllFilters
0,0,0,0,0,0,O=S(=O)(c1cccc2cnccc12)N1CCCNCC1,EOS101813,PassedAllFilters
0,0,0,0,0,0,CC(CN1c2ccccc2Sc2ccccc21)N(C)C,EOS101840,PassedAllFilters
0,0,0,0,0,0,O=C(O)c1ccccc1-c1c2ccc(=O)cc-2oc2cc(O)ccc12,EOS102008,PassedAllFilters
0,0,0,0,0,0,CN(C)c1ccc2nc3ccc(=[N+](C)C)cc-3sc2c1,EOS102012,PassedAllFilters
0,0,0,0,0,0,CN(C)c1ccc(C(=C2C=CC(=[N+](C)C)C=C2)c2ccc(N(C)C)cc2)cc1,EOS102093,PassedAllFilters
0,0,0,0,0,0,COc1c(N2CCNC(C)C2)c(F)cc2c(=O)c(C(=O)O)cn(C3CC3)c12,EOS102146,PassedAllFilters
0,0,0,0,0,0,NC1CCN(c2c(F)cc3c(=O)c(C(=O)O)cn(C4CC4)c3c2Cl)C1,EOS102156,PassedAllFilters
0,0,0,0,0,0,Cc1nccn1CC1CCc2c(c3ccccc3n2C)C1=O,EOS102158,PassedAllFilters
0,0,0,0,0,0,C#C[C@]1(O)CC[C@H]2[C@@H]3CCC4=CC(=O)CC[C@]4(C)[C@H]3CC[C@@]21C,EOS102169,PassedAllFilters
0,0,0,0,0,0,Cc1ccc(Nc2c(F)cccc2Cl)c(CC(=O)O)c1,EOS102170,PassedAllFilters
0,0,0,0,0,0,OCCOCCN1CCN(C2=Nc3ccccc3Sc3ccccc32)CC1,EOS102173,PassedAllFilters
0,0,0,0,0,0,O=C(O)c1cn(C2CC2)c2cc(N3CCNCC3)c(F)cc2c1=O,EOS102273,PassedAllFilters
0,0,0,0,0,0,CCC(NC(C)C)C(O)c1ccc(O)c2nc(O)ccc12,EOS102278,PassedAllFilters
0,0,0,0,0,0,Nc1c(CC(=O)O)cccc1C(=O)c1ccc(Br)cc1,EOS102306,PassedAllFilters
0,0,0,0,0,0,CN(C)CCc1c[nH]c2ccc(Cn3cncn3)cc12,EOS102452,PassedAllFilters
0,0,0,0,0,0,COc1ccc2nc(S(=O)Cc3ncc(C)c(OC)c3C)[nH]c2c1,EOS98593,PassedAllFilters
0,0,0,0,0,0,COC(=O)C1=C(C)NC(C)=C(C(=O)OC)C1c1ccccc1[N+](=O)[O-],EOS98594,PassedAllFilters
0,0,0,0,0,0,COC(=O)C1=C(C)NC(C)=C(C(=O)OC(C)C)C1c1cccc2nonc12,EOS98643,PassedAllFilters
1,1,1,1,1,5,CC[C@]1(O)C[C@@H]2CN(CCc3c([nH]c4ccccc34)[C@@](C(=O)OC)(c3cc4c(cc3OC)N(C=O)[C@H]3[C@@](O)(C(=O)OC)[C@H](OC(C)=O)[C@]5(CC)C=CCN6CC[C@]43[C@@H]65)C2)C1,EOS100001,FailedAllFilters
1,1,1,1,1,5,COC(=O)N[C@H](C(=O)N[C@@H](Cc1ccccc1)[C@@H](O)CN(Cc1ccc(-c2ccccn2)cc1)NC(=O)[C@@H](NC(=O)OC)C(C)(C)C)C(C)(C)C,EOS100119,FailedAllFilters
1,1,1,1,1,5,CC(=O)N[C@H]1[C@H]([C@H](O)[C@H](O)CO)OC(C(=O)O)=C[C@@H]1NC(=N)N,EOS100158,FailedAllFilters
1,1,1,1,1,5,CC[C@@H]([C@H](C)O)n1ncn(-c2ccc(N3CCN(c4ccc(OC[C@@H]5CO[C@@](Cn6cncn6)(c6ccc(F)cc6F)C5)cc4)CC3)cc2)c1=O,EOS100159,FailedAllFilters
1,1,1,1,1,5,CCN1CCN(C(=O)N[C@@H](C(=O)N[C@@H]2C(=O)N3[C@@H]2SC(C)(C)[C@@H]3C(=O)[O-])c2ccccc2)C(=O)C1=O,EOS100321,FailedAllFilters
1,1,1,1,1,5,CO[C@@H]1[C@@H](OC(N)=O)[C@@H](O)[C@H](Oc2ccc3c(O)c(NC(=O)c4ccc([O-])c(CC=C(C)C)c4)c(=O)oc3c2C)OC1(C)C,EOS100340,FailedAllFilters
1,1,1,1,1,5,CCOC(=O)CCC(=O)O[C@H]1[C@H](O[C@@H]2[C@@H](C)[C@H](O[C@H]3C[C@@](C)(OC)[C@@H](O)[C@H](C)O3)[C@@H](C)C(=O)O[C@H](CC)[C@@](C)(O)[C@H](O)[C@@H](C)C(=O)[C@H](C)C[C@@]2(C)O)O[C@H](C)C[C@@H]1N(C)C,EOS100348,FailedAllFilters
1,1,1,1,1,5,O=c1ccn([C@@H]2O[C@H](COP(=O)(O)OP(=O)(O)OP(=O)(O)O)[C@@H](O)[C@H]2O)c(=O)[nH]1,EOS100357,FailedAllFilters
1,1,1,1,1,5,CC(=O)N(O)CCCCCNC(=O)CCC(=O)N(O)CCCCCNC(=O)CCC(=O)N(O)CCCCCN,EOS100571,FailedAllFilters
1,1,1,1,1,5,N=C(NCCCCCCNC(=N)NC(=N)Nc1ccc(Cl)cc1)NC(=N)Nc1ccc(Cl)cc1,EOS100586,FailedAllFilters
1,1,1,1,1,5,Cc1cc(-c2ccc(/N=N/c3ccc4c(S(=O)(=O)[O-])cc(S(=O)(=O)[O-])c(N)c4c3O)c(C)c2)ccc1/N=N/c1ccc2c(S(=O)(=O)[O-])cc(S(=O)(=O)[O-])c(N)c2c1O,EOS100588,FailedAllFilters
1,1,1,1,1,5,COC(=O)N[C@@H](C)CNc1nccc(-c2cn(C(C)C)nc2-c2cc(Cl)cc(NS(C)(=O)=O)c2F)n1,EOS100618,FailedAllFilters
1,1,1,1,1,5,CC[N+](CC)(CC)CCOc1cccc(OCC[N+](CC)(CC)CC)c1OCC[N+](CC)(CC)CC,EOS100621,FailedAllFilters
1,1,1,1,1,5,CS(=O)(=O)CCNCc1ccc(-c2ccc3ncnc(Nc4ccc(OCc5cccc(F)c5)c(Cl)c4)c3c2)o1,EOS100623,FailedAllFilters
1,1,1,1,1,5,NC(=O)c1cc[n+](CC2=C(C(=O)[O-])N3C(=O)[C@@H](NC(=O)[C@@H](c4ccccc4)S(=O)(=O)[O-])[C@H]3SC2)cc1,EOS100651,FailedAllFilters
1,1,1,1,1,5,COc1cc([C@@H]2c3cc4c(cc3[C@@H](O[C@@H]3O[C@@H]5CO[C@@H](C)O[C@H]5[C@H](O)[C@H]3O)[C@H]3COC(=O)[C@H]23)OCO4)cc(OC)c1O,EOS100660,FailedAllFilters
1,1,1,1,1,5,C=CC[C@@H]1/C=C(\C)C[C@H](C)C[C@H](OC)[C@H]2O[C@@](O)(C(=O)C(=O)N3CCCC[C@H]3C(=O)O[C@H](/C(C)=C/[C@@H]3CC[C@@H](O)[C@H](OC)C3)[C@H](C)[C@@H](O)CC1=O)[C@H](C)C[C@@H]2OC,EOS100694,FailedAllFilters
1,1,1,1,1,5,O=c1ccn([C@@H]2O[C@H](COP(=O)([O-])OP(=O)([O-])OP(=O)([O-])OP(=O)([O-])OC[C@H]3O[C@@H](n4ccc(=O)[nH]c4=O)[C@H](O)[C@@H]3O)[C@@H](O)[C@H]2O)c(=O)[nH]1,EOS100741,FailedAllFilters
1,1,1,1,1,5,N=C(N)NCCCC[C@@H]1NC(=O)CCSSC[C@@H](C(N)=O)NC(=O)[C@@H]2CCCN2C(=O)[C@H](Cc2c[nH]c3ccccc23)NC(=O)[C@H](CC(=O)O)NC(=O)CNC1=O,EOS100747,FailedAllFilters
1,1,1,1,1,5,CNC(=O)c1cnn(-c2nc(N)c3ncn([C@@H]4O[C@H](CO)[C@@H](O)[C@H]4O)c3n2)c1,EOS100766,FailedAllFilters
1,1,1,1,1,5,NCCCC[C@H](NC(=O)[C@@H]1CCCN1C(=O)[C@@H]1CSSC[C@H](N)C(=O)N[C@@H](Cc2ccc(O)cc2)C(=O)N[C@@H](Cc2ccccc2)C(=O)N[C@@H](CCC(N)=O)C(=O)N[C@@H](CC(N)=O)C(=O)N1)C(=O)NCC(N)=O,EOS100768,FailedAllFilters
1,1,1,1,1,5,COc1ccccc1Oc1c(NS(=O)(=O)c2ccc(C(C)(C)C)cc2)nc(-c2ncccn2)nc1OCCO,EOS100781,FailedAllFilters
1,1,1,1,1,5,CC[C@H]1OC(=O)[C@H](C)[C@@H](O[C@H]2C[C@@](C)(OC)[C@@H](O)[C@H](C)O2)[C@H](C)[C@@H](O[C@@H]2O[C@H](C)C[C@H](N(C)C)[C@H]2O)[C@](C)(O)C[C@@H](C)C(=O)[C@H](C)[C@@H](O)[C@]1(C)O,EOS100785,FailedAllFilters
1,1,1,1,1,5,CCC(C)n1ncn(-c2ccc(N3CCN(c4ccc(OC[C@H]5CO[C@](Cn6cncn6)(c6ccc(Cl)cc6Cl)O5)cc4)CC3)cc2)c1=O,EOS100836,FailedAllFilters
1,1,1,1,1,5,C=C[C@@H]1C[C@]1(NC(=O)[C@@H]1C[C@@H]2CN1C(=O)[C@H](C(C)(C)C)NC(=O)O[C@@H]1C[C@H]1CCCCCc1nc3ccc(OC)cc3nc1O2)C(=O)NS(=O)(=O)C1CC1,EOS100851,FailedAllFilters
1,1,1,1,1,5,CSCC[C@H](NC(=O)[C@H](Cc1c[nH]c2ccccc12)NC(=O)CCNC(=O)OC(C)(C)C)C(=O)N[C@@H](CC(=O)O)C(=O)N[C@@H](Cc1ccccc1)C(N)=O,EOS100853,FailedAllFilters
1,1,1,1,1,5,CC(C)(O)c1ccccc1CC[C@@H](SCC1(CC(=O)[O-])CC1)c1cccc(/C=C/c2ccc3ccc(Cl)cc3n2)c1,EOS100950,FailedAllFilters
1,1,1,1,1,5,Nc1ncnc2c1ncn2[C@@H]1O[C@H](COP(=O)(O)OP(=O)([O-])OP(=O)([O-])O)[C@@H](O)[C@H]1O,EOS100983,FailedAllFilters
1,1,1,1,1,5,CCOc1cc2ncc(C#N)c(Nc3ccc(OCc4ccccn4)c(Cl)c3)c2cc1NC(=O)/C=C/CN(C)C,EOS100992,FailedAllFilters
1,1,1,1,1,5,COCCCOc1cc(C[C@@H](C[C@H](N)[C@@H](O)C[C@H](C(=O)NCC(C)(C)C(N)=O)C(C)C)C(C)C)ccc1OC,EOS101018,FailedAllFilters
1,1,1,1,1,5,CN1Cc2c(Cl)cc(Cl)cc2[C@H](c2cccc(S(=O)(=O)NCCOCCOCCNC(=O)NCCCCNC(=O)NCCOCCOCCNS(=O)(=O)c3cccc([C@@H]4CN(C)Cc5c(Cl)cc(Cl)cc54)c3)c2)C1,EOS101026,FailedAllFilters
1,1,1,1,1,5,CCCCCCOC(=O)NC(=N)c1ccc(NCc2nc3cc(C(=O)N(CCC(=O)OCC)c4ccccn4)ccc3n2C)cc1,EOS101058,FailedAllFilters
1,1,1,1,1,5,CC[C@]1(O)C[C@@H]2CN(CCc3c([nH]c4ccccc34)[C@@](C(=O)OC)(c3cc4c(cc3OC)N(C)[C@H]3[C@@](O)(C(=O)OC)[C@H](OC(C)=O)[C@]5(CC)C=CCN6CC[C@]43[C@@H]65)C2)C1,EOS101103,FailedAllFilters
1,1,1,1,1,5,CC(C)C[C@H](NC(=O)[C@H](CCc1ccccc1)NC(=O)CN1CCOCC1)C(=O)N[C@@H](Cc1ccccc1)C(=O)N[C@@H](CC(C)C)C(=O)[C@@]1(C)CO1,EOS101232,FailedAllFilters
1,1,1,1,1,5,COc1cc([C@@H]2c3cc4c(cc3[C@@H](O[C@@H]3O[C@@H]5CO[C@@H](c6cccs6)O[C@H]5[C@H](O)[C@H]3O)[C@H]3COC(=O)[C@H]23)OCO4)cc(OC)c1O,EOS101234,FailedAllFilters
1,1,1,1,1,5,CC1(C)CCC(CN2CCN(c3ccc(C(=O)NS(=O)(=O)c4ccc(NCC5CCOCC5)c([N+](=O)[O-])c4)c(Oc4cnc5[nH]ccc5c4)c3)CC2)=C(c2ccc(Cl)cc2)C1,EOS101269,FailedAllFilters
1,1,1,1,1,5,CC1CNc2c(cccc2S(=O)(=O)N[C@@H](CCCNC(=N)N)C(=O)N2CC[C@@H](C)C[C@@H]2C(=O)O)C1,EOS101382,FailedAllFilters
1,1,1,1,1,5,CO[C@H]1C[C@@H]2CC[C@@H](C)[C@@](O)(O2)C(=O)C(=O)N2CCCC[C@H]2C(=O)O[C@H]([C@H](C)C[C@@H]2CC[C@H](n3cnnn3)[C@H](OC)C2)CC(=O)[C@H](C)/C=C(\C)[C@@H](O)[C@@H](OC)C(=O)[C@H](C)C[C@H](C)/C=C/C=C/C=C/1C,EOS101468,FailedAllFilters
1,1,1,1,1,5,CC(C)c1nc(CN(C)C(=O)N[C@H](C(=O)N[C@@H](Cc2ccccc2)C[C@H](O)[C@H](Cc2ccccc2)NC(=O)OCc2cncs2)C(C)C)cs1,EOS101528,FailedAllFilters
1,1,1,1,1,5,COc1cccc2c1C(=O)c1c(O)c3c(c(O)c1C2=O)C[C@@](O)(C(C)=O)C[C@@H]3O[C@H]1C[C@H](N)[C@H](O)[C@H](C)O1,EOS101591,FailedAllFilters
1,1,1,1,1,5,CCC[C@H](NC(=O)[C@@H]1[C@H]2CCC[C@H]2CN1C(=O)[C@@H](NC(=O)[C@@H](NC(=O)c1cnccn1)C1CCCCC1)C(C)(C)C)C(=O)C(=O)NC1CC1,EOS101607,FailedAllFilters
1,1,1,1,1,5,CO[C@H]1/C=C/O[C@@]2(C)Oc3c(C)c(O)c4c(O)c(c(/C=N/N5CCN(C)CC5)c(O)c4c3C2=O)NC(=O)/C(C)=C/C=C/[C@H](C)[C@H](O)[C@@H](C)[C@@H](O)[C@@H](C)[C@H](OC(C)=O)[C@@H]1C,EOS101641,FailedAllFilters
1,1,1,1,1,5,CC(=O)O[C@H]1C(=O)[C@@]2(C)[C@H]([C@H](OC(=O)c3ccccc3)[C@]3(O)C[C@H](OC(=O)[C@H](O)[C@@H](NC(=O)c4ccccc4)c4ccccc4)C(C)=C1C3(C)C)[C@]1(OC(C)=O)CO[C@@H]1C[C@@H]2O,EOS101711,FailedAllFilters
1,1,1,1,1,5,CC[C@H]1OC(=O)[C@H](C)[C@@H](O[C@H]2C[C@@](C)(OC)[C@@H](O)[C@H](C)O2)[C@H](C)[C@@H](O[C@@H]2O[C@H](C)C[C@H](N(C)C)[C@H]2O)[C@](C)(O)C[C@@H](C)/C(=N\OCOCCOC)[C@H](C)[C@@H](O)[C@]1(C)O,EOS101718,FailedAllFilters
1,1,1,1,1,5,C[C@H]1O[C@@H](O[C@H]2[C@@H](O)C[C@H](O[C@H]3[C@@H](O)C[C@H](O[C@H]4CC[C@@]5(C)[C@H](CC[C@@H]6[C@@H]5C[C@@H](O)[C@]5(C)[C@@H](C7=CC(=O)OC7)CC[C@]65O)C4)O[C@@H]3C)O[C@@H]2C)C[C@H](O)[C@@H]1O,EOS101752,FailedAllFilters
1,1,1,1,1,5,CCOc1nc2cccc(C(=O)OC(C)OC(=O)OC3CCCCC3)c2n1Cc1ccc(-c2ccccc2-c2nn[nH]n2)cc1,EOS101797,FailedAllFilters
1,1,1,1,1,5,C[C@H]1O[C@@H](O[C@H]2[C@@H](O)C[C@H](O[C@H]3[C@@H](O)C[C@H](O[C@H]4CC[C@@]5(C)[C@H](CC[C@@H]6[C@@H]5CC[C@]5(C)[C@@H](C7=CC(=O)OC7)CC[C@]65O)C4)O[C@@H]3C)O[C@@H]2C)C[C@H](O)[C@@H]1O,EOS101960,FailedAllFilters
1,1,1,1,1,5,CO[C@H]1C[C@@H]2CC[C@@H](C)[C@@](O)(O2)C(=O)C(=O)N2CCCC[C@H]2C(=O)O[C@H]([C@H](C)C[C@@H]2CC[C@@H](O)[C@H](OC)C2)CC(=O)[C@H](C)/C=C(\C)[C@@H](O)[C@@H](OC)C(=O)[C@H](C)C[C@H](C)/C=C/C=C/C=C/1C,EOS101982,FailedAllFilters
1,1,1,1,1,5,C[C@H]1O[C@H](O[C@H]2[C@H](O)[C@@H](O)[C@@H](O[C@H]3[C@H](O)[C@@H](O)C(O)O[C@@H]3CO)O[C@@H]2CO)[C@H](O)[C@@H](O)[C@@H]1N[C@H]1C=C(CO)[C@@H](O)[C@H](O)[C@H]1O,EOS102163,FailedAllFilters
1,1,1,1,1,5,COc1cc([C@@H]2c3cc4c(cc3[C@@H](O[C@@H]3O[C@@H]5CO[C@@H](C)O[C@H]5[C@H](O)[C@H]3O)[C@H]3COC(=O)[C@H]23)OCO4)cc(OC)c1O,EOS98605,FailedAllFilters
0,0,0,0,1,1,O=C1[C@H](CC[C@H](O)c2ccc(F)cc2)[C@@H](c2ccc(O)cc2)N1c1ccc(F)cc1,EOS100005,Rest
0,1,0,0,0,1,CC(C)C(=O)c1c(C(C)C)nn2ccccc12,EOS100007,Rest
0,1,0,0,0,1,c1ccc2c(CC3=NCCN3)cccc2c1,EOS100008,Rest
0,1,0,0,0,1,NC(=O)OCC(COC(N)=O)c1ccccc1,EOS100010,Rest
0,1,0,1,1,3,CCN(CC)CCCC(C)Nc1c2ccc(Cl)cc2nc2ccc(OC)cc12,EOS100011,Rest
0,0,0,0,1,1,CCc1cc2c(cc1CC)CC(NC[C@H](O)c1ccc(O)c3[nH]c(=O)ccc13)C2,EOS100013,Rest
0,1,0,0,0,1,N=C1CCCN1Cc1[nH]c(=O)[nH]c(=O)c1Cl,EOS100014,Rest
0,0,1,1,1,3,CCCCS(=O)(=O)N[C@@H](Cc1ccc(OCCCCC2CCNCC2)cc1)C(=O)O,EOS100015,Rest
0,0,0,0,1,1,FC(F)(F)c1ccc(CNc2ccc(Cc3c[nH]c4ncc(Cl)cc34)cn2)cn1,EOS100016,Rest
0,1,0,0,0,1,CC(C)(C)NCC(O)c1ccccc1Cl,EOS100025,Rest
0,0,0,0,1,1,CNS(=O)(=O)Cc1ccc2[nH]cc(CCN(C)C)c2c1,EOS100058,Rest
0,0,0,0,1,1,C[C@@H](NCCc1ccc(O)cc1)[C@@H](O)c1ccc(O)cc1,EOS100065,Rest
0,1,0,1,0,2,CCc1cn([C@H]2C[C@H](O)[C@@H](CO)O2)c(=O)[nH]c1=O,EOS100073,Rest
0,1,0,1,0,2,O=C(NC1CCNCC1)[C@@H]1CC[C@@H]2CN1C(=O)N2OS(=O)(=O)O,EOS100075,Rest
0,0,0,0,1,1,O=C(N[C@H]1CCS[C@H]2CCC[C@@H](C(=O)O)N2C1=O)[C@@H](S)Cc1ccccc1,EOS100076,Rest
0,1,0,1,1,3,CN(CCN1CCC(OC(=O)Nc2ccccc2-c2ccccc2)CC1)C(=O)c1ccc(CN2CCC(C(N)=O)CC2)cc1,EOS100079,Rest
0,1,0,0,1,2,O=C(Nc1ccc(Cl)cc1)Nc1ccc(Cl)c(Cl)c1,EOS100112,Rest
0,0,0,0,1,1,Cc1cc(C#N)cc(C)c1Oc1nc(Nc2ccc(C#N)cc2)nc(N)c1Br,EOS100135,Rest
0,0,1,0,1,2,Cc1nnc(C(=O)NC(C)(C)c2nc(C(=O)NCc3ccc(F)cc3)c([O-])c(=O)n2C)o1,EOS100143,Rest
0,1,1,1,1,4,CC(C)CN(C[C@@H](O)[C@H](Cc1ccccc1)NC(=O)O[C@H]1CCOC1)S(=O)(=O)c1ccc(N)cc1,EOS100151,Rest
0,1,1,1,1,4,Cc1cccc(C)c1OCC(=O)N[C@@H](Cc1ccccc1)[C@@H](O)C[C@H](Cc1ccccc1)NC(=O)[C@H](C(C)C)N1CCCNC1=O,EOS100160,Rest
0,0,0,0,1,1,C[C@H]1CO[C@@H]2Cn3cc(C(=O)NCc4ccc(F)cc4F)c(=O)c(O)c3C(=O)N12,EOS100194,Rest
0,1,0,1,0,2,O=c1[nH]c(=O)c2cn[nH]c2[nH]1,EOS100225,Rest
1,1,0,1,1,4,CO[C@]1(C(=O)N[C@@H](C)c2ccc(-n3cc(F)cn3)nc2)CC[C@H](c2nc(C)cc(Nc3cc(C)[nH]n3)n2)CC1,EOS100231,Rest
1,1,0,1,1,4,Cc1cc(O[C@@H](CCC(F)(F)F)c2ccc(C(=O)NCCC(=O)O)cc2)cc(C)c1-c1ccc(C(C)(C)C)cc1,EOS100268,Rest
0,1,0,1,1,3,COc1ccc(CN2C3CC2CN(c2ccc(-c4cc(OCC(C)(C)O)cn5ncc(C#N)c45)cn2)C3)cn1,EOS100277,Rest
0,0,0,0,1,1,C[C@]12CC[C@H](O)CC1=CC[C@@H]1[C@@H]2CC[C@]2(C)C(c3cccnc3)=CC[C@@H]12,EOS100322,Rest
0,1,0,1,0,2,CCCN[C@H]1CCc2nc(N)sc2C1,EOS100323,Rest
0,1,0,0,1,2,CCCCNc1ccc(C(=O)OCCN(C)C)cc1,EOS100324,Rest
0,1,0,0,1,2,Oc1cc(Cl)ccc1Oc1ccc(Cl)cc1Cl,EOS100328,Rest
0,0,0,0,1,1,Cc1onc(-c2ccccc2Cl)c1C(=O)N[C@@H]1C(=O)N2[C@@H]1SC(C)(C)[C@@H]2C(=O)[O-],EOS100330,Rest
0,1,0,0,0,1,O=C([O-])Cc1ccccc1Nc1c(Cl)cccc1Cl,EOS100332,Rest
0,1,0,1,1,3,Oc1c(Cl)cc(Cl)c(Cl)c1Cc1c(O)c(Cl)cc(Cl)c1Cl,EOS100333,Rest
0,1,0,0,0,1,Cc1noc(NS(=O)(=O)c2ccc(N)cc2)c1C,EOS100334,Rest
0,0,0,0,1,1,CN(C)C(=O)COC(=O)Cc1ccc(OC(=O)c2ccc(NC(=N)N)cc2)cc1,EOS100335,Rest
0,1,0,0,0,1,CCCNC(=O)NS(=O)(=O)c1ccc(Cl)cc1,EOS100336,Rest
0,0,0,1,1,2,CCN(CCO)CCCC(C)Nc1ccnc2cc(Cl)ccc12,EOS100337,Rest
0,1,0,1,1,3,NCCCCCC(=O)O,EOS100339,Rest
0,1,0,1,0,2,Oc1c(I)cc(I)c2cccnc12,EOS100343,Rest
0,1,0,0,0,1,CCCCCCNC(=O)n1cc(F)c(=O)[nH]c1=O,EOS100344,Rest
0,0,1,1,1,3,CCCC(=O)Nc1ncnc2c1ncn2[C@@H]1O[C@@H]2COP(=O)([O-])O[C@H]2[C@H]1OC(=O)CCC,EOS100349,Rest
0,0,0,0,1,1,N[C@@H](CC(=O)N1CCn2c(nnc2C(F)(F)F)C1)Cc1cc(F)c(F)cc1F,EOS100350,Rest
0,1,0,1,1,3,N[C@@H](COP(=O)(O)O)C(=O)O,EOS100352,Rest
0,1,0,0,0,1,Cc1ccnc(NS(=O)(=O)c2ccc(N)cc2)n1,EOS100355,Rest
0,1,1,1,1,4,O=C([O-])c1cc(=O)c2c(OCC(O)COc3cccc4oc(C(=O)[O-])cc(=O)c34)cccc2o1,EOS100359,Rest
0,1,0,1,1,3,O=C(O)[C@@H](S)[C@@H](S)C(=O)O,EOS100360,Rest
0,0,1,1,1,3,CN(C)[C@@H]1C(O)=C(C(N)=O)C(=O)[C@@]2(O)C(O)=C3C(=O)c4c(O)ccc(Cl)c4[C@@](C)(O)[C@H]3C[C@@H]12,EOS100362,Rest
0,0,0,1,1,2,CCOC(=O)[C@H](CCc1ccccc1)N[C@@H](C)C(=O)N1[C@H](C(=O)O)C[C@H]2CCCC[C@@H]21,EOS100363,Rest
0,0,0,0,1,1,CCN(CC)Cc1cc(Nc2ccnc3cc(Cl)ccc23)ccc1O,EOS100364,Rest
0,0,1,1,1,3,NCCCC[C@H](N[C@@H](CCc1ccccc1)C(=O)O)C(=O)N1CCC[C@H]1C(=O)O,EOS100365,Rest
0,1,0,1,1,3,N[C@@H](CCC(=O)[O-])C(=O)O,EOS100366,Rest
0,1,0,1,0,2,Oc1c(Br)cc(Br)c2cccnc12,EOS100367,Rest
0,1,0,0,1,2,CC[C@H]1CN2CCc3cc(OC)c(OC)cc3[C@@H]2C[C@@H]1C[C@H]1NCCc2cc(OC)c(OC)cc21,EOS100370,Rest
0,1,0,0,0,1,CCN(C)C(=O)Oc1cccc([C@H](C)N(C)C)c1,EOS100371,Rest
0,1,0,0,0,1,Cc1cccc(C(C)c2cnc[nH]2)c1C,EOS100372,Rest
0,1,0,1,0,2,NCC1(CC(=O)O)CCCCC1,EOS100378,Rest
0,1,0,1,1,3,NCCCC(=O)O,EOS100383,Rest
0,1,0,1,1,3,CC(=O)N[C@@H](CS)C(=O)O,EOS100385,Rest
0,0,0,0,1,1,CN1C[C@H](CNC(=O)OCc2ccccc2)C[C@@H]2c3cccc4c3c(cn4C)C[C@H]21,EOS100387,Rest
0,1,0,0,0,1,CCn1cc(C(=O)O)c(=O)c2ccc(C)nc21,EOS100389,Rest
0,1,0,1,0,2,O=C(O)c1cccnc1,EOS100390,Rest
0,0,0,0,1,1,C[C@@H]1C[C@H]2[C@@H]3C[C@H](F)C4=CC(=O)C=C[C@]4(C)[C@@]3(F)[C@@H](O)C[C@]2(C)[C@@]1(O)C(=O)CO,EOS100393,Rest
0,1,0,0,0,1,COc1c2occc2cc2ccc(=O)oc12,EOS100394,Rest
0,1,0,0,0,1,O=C1c2c(O)cccc2Cc2cccc(O)c21,EOS100395,Rest
0,1,1,1,1,4,CO/N=C(\C(=O)N[C@@H]1C(=O)N2C(C(=O)[O-])=C(COC(C)=O)CS[C@H]12)c1csc(N)n1,EOS100396,Rest
1,1,0,1,1,4,c1cc(CN2CCCNCCNCCCNCC2)ccc1CN1CCCNCCNCCCNCC1,EOS100400,Rest
0,0,0,0,1,1,COc1ccc(NC(=O)c2ccc(C(=N)N(C)C)cc2)c(C(=O)Nc2ccc(Cl)cn2)c1,EOS100434,Rest
0,0,0,0,1,1,N#CC1(c2ccc(NC(=O)c3cccnc3NCc3ccncc3)cc2)CCCC1,EOS100449,Rest
0,1,0,1,1,3,O=P(O)(O)CP(=O)(O)O,EOS100468,Rest
0,1,0,1,1,3,CC(C)(CO)c1cc2cc(NC(=O)C3(c4ccc5c(c4)OC(F)(F)O5)CC3)c(F)cc2n1C[C@@H](O)CO,EOS100526,Rest
0,0,0,0,1,1,CC(=O)OCC(=O)[C@@]1(O)CC[C@H]2[C@@H]3CCC4=CC(=O)CC[C@]4(C)[C@H]3[C@@H](O)C[C@@]21C,EOS100563,Rest
0,1,0,0,0,1,c1ccc2c(c1)CCCC2C1=NCCN1,EOS100565,Rest
0,0,0,1,1,2,CCN(CC)CCOCCOC(=O)C1(c2ccccc2)CCCC1,EOS100566,Rest
0,1,0,1,0,2,CCCCCCc1ccc(O)cc1O,EOS100567,Rest
0,1,0,1,0,2,Nc1ccc(S(N)(=O)=O)cc1,EOS100568,Rest
0,1,1,1,1,4,Cc1nnc(SCC2=C(C(=O)[O-])N3C(=O)[C@@H](NC(=O)Cn4cnnn4)[C@H]3SC2)s1,EOS100569,Rest
0,1,0,1,0,2,Cn1c(=O)c2[nH]c(Cl)nc2n(C)c1=O,EOS100570,Rest
0,0,0,0,1,1,CC1(C)O[C@@H]2C[C@H]3[C@@H]4C[C@H](F)C5=CC(=O)CC[C@]5(C)[C@H]4[C@@H](O)C[C@]3(C)[C@]2(C(=O)CO)O1,EOS100572,Rest
0,1,0,0,1,2,CC(=O)OCC(=O)[C@@]12OC(C)(C)O[C@@H]1C[C@H]1[C@@H]3C[C@H](F)C4=CC(=O)C=C[C@]4(C)[C@@]3(F)[C@@H](O)C[C@@]12C,EOS100574,Rest
0,0,0,0,1,1,O=C1NCCN1CCN1CCC(c2cn(-c3ccc(F)cc3)c3ccc(Cl)cc23)CC1,EOS100575,Rest
0,0,0,0,1,1,CC[C@H](Nc1ncnc2[nH]cnc12)c1nc2cccc(F)c2c(=O)n1-c1ccccc1,EOS100577,Rest
0,1,0,0,0,1,CCOc1ccc2nc(S(N)(=O)=O)sc2c1,EOS100580,Rest
0,1,0,0,0,1,CN1Cc2c(N)cccc2C(c2ccccc2)C1,EOS100582,Rest
1,1,0,1,1,4,CONC(=O)Nc1ccc(-c2sc3c(c2CN(C)C)c(=O)n(-c2ccc(OC)nn2)c(=O)n3Cc2c(F)cccc2F)cc1,EOS100587,Rest
0,1,0,0,1,2,CN(C)C/C=C/C(=O)Nc1cc2c(Nc3ccc(F)c(Cl)c3)ncnc2cc1O[C@H]1CCOC1,EOS100595,Rest
0,0,0,0,1,1,CCN[C@H]1CN(CCCOC)S(=O)(=O)c2sc(S(N)(=O)=O)cc21,EOS100597,Rest
0,1,0,1,1,3,Cc1ccc(C(=O)Nc2ccc(CN3CCN(C)CC3)c(C(F)(F)F)c2)cc1C#Cc1cnc2cccnn12,EOS100606,Rest
0,0,0,1,1,2,CCOC(=O)c1ccc(OC(=O)CCCCCNC(=N)N)cc1,EOS100611,Rest
0,1,0,0,0,1,CN(C)c1nc(N(C)C)nc(N(C)C)n1,EOS100612,Rest
0,0,0,0,1,1,O=C(CCCN1CCC(O)(c2ccc(Cl)cc2)CC1)c1ccc(F)cc1,EOS100614,Rest
0,0,0,0,1,1,CCOc1ccc(Cc2cc([C@@H]3O[C@H](CO)[C@@H](O)[C@H](O)[C@H]3O)ccc2Cl)cc1,EOS100617,Rest
0,0,0,0,1,1,O=c1ccc2ccc(OCCCCN3CCN(c4cccc5sccc45)CC3)cc2[nH]1,EOS100619,Rest
0,1,0,0,0,1,C/C(O)=C(\C#N)C(=O)Nc1ccc(C(F)(F)F)cc1,EOS100620,Rest
0,1,0,1,1,3,C[N+](C)(C)CC(=O)O,EOS100625,Rest
0,1,0,0,0,1,NS(=O)(=O)c1cc(Cl)c(Cl)c(S(N)(=O)=O)c1,EOS100627,Rest
0,1,0,0,1,2,Cc1ccc(NC(=O)c2ccc(CN3CCN(C)CC3)cc2)cc1Nc1nccc(-c2cccnc2)n1,EOS100636,Rest
0,1,0,1,1,3,CCCSc1nc(N[C@@H]2C[C@H]2c2ccc(F)c(F)c2)c2nnn([C@@H]3C[C@H](OCCO)[C@@H](O)[C@H]3O)c2n1,EOS100638,Rest
1,1,0,1,1,4,C[C@@H](OC[C@@]1(c2ccccc2)CC[C@]2(CCC(=O)N2)CN1)c1cc(C(F)(F)F)cc(C(F)(F)F)c1,EOS100639,Rest
0,0,0,0,1,1,CC1=NN(c2ccc(C)c(C)c2)C(=O)/C1=N\Nc1cccc(-c2cccc(C(=O)O)c2)c1O,EOS100645,Rest
0,1,0,1,0,2,NC(=O)[C@@H]1CC[C@@H]2CN1C(=O)N2OS(=O)(=O)[O-],EOS100647,Rest
0,0,0,1,1,2,CCCCC[C@H](O)CC[C@@H]1[C@H]2Cc3cccc(OCC(=O)[O-])c3C[C@H]2C[C@H]1O,EOS100648,Rest
0,0,0,0,1,1,COc1cc2c(cc1Cc1cccc(Cl)c1F)c(=O)c(C(=O)O)cn2[C@H](CO)C(C)C,EOS100650,Rest
1,1,0,1,1,4,CC(C)(C)c1nc(-c2cccc(NS(=O)(=O)c3c(F)cccc3F)c2F)c(-c2ccnc(N)n2)s1,EOS100662,Rest
0,1,0,1,0,2,C[C@@]12C(=O)OC(=O)[C@]1(C)[C@H]1CC[C@@H]2O1,EOS100663,Rest
0,0,0,0,1,1,CCOC(=O)C1=C[C@@H](OC(CC)CC)[C@H](NC(C)=O)[C@@H](N)C1,EOS100668,Rest
0,0,0,0,1,1,CC(C)(C)C(=O)Oc1ccc(S(=O)(=O)Nc2ccccc2C(=O)NCC(=O)O)cc1,EOS100671,Rest
0,0,0,0,1,1,COc1cc(/C=C/C(=O)CC(=O)/C=C/c2ccc(O)c(OC)c2)ccc1O,EOS100673,Rest
0,0,0,0,1,1,COc1c(C)c2c(c(O)c1C/C=C(\C)CCC(=O)O)C(=O)OC2,EOS100675,Rest
0,0,0,0,1,1,CC(=O)O[C@]1(C(C)=O)CC[C@H]2[C@@H]3C=C(Cl)C4=CC(=O)CC[C@]4(C)[C@H]3CC[C@@]21C,EOS100676,Rest
0,0,0,0,1,1,Cc1cc(CCCOc2c(C)cc(-c3noc(C(F)(F)F)n3)cc2C)on1,EOS100680,Rest
0,0,0,0,1,1,Cc1cc(N2CCN([C@@H]3CN[C@H](C(=O)N4CCSC4)C3)CC2)n(-c2ccccc2)n1,EOS100681,Rest
0,1,0,1,1,3,CCC(=O)OCC(=O)[C@@]1(OC(=O)CC)[C@@H](C)C[C@H]2[C@@H]3CCC4=CC(=O)C=C[C@]4(C)[C@@]3(Cl)[C@@H](O)C[C@@]21C,EOS100683,Rest
0,1,0,1,1,3,CCCCCCCCCCCC(=O)O,EOS100685,Rest
0,1,1,1,1,4,C/C(=C\C(=O)OCCCCCCCCC(=O)O)C[C@@H]1OC[C@H](C[C@@H]2O[C@H]2[C@@H](C)[C@H](C)O)[C@@H](O)[C@H]1O,EOS100688,Rest
0,1,0,1,0,2,O=c1[nH]c(=O)n([C@H]2C[C@H](O)[C@@H](CO)O2)cc1/C=C/Br,EOS100690,Rest
0,0,0,0,1,1,O=C1Cc2cc(CCN3CCN(c4nsc5ccccc45)CC3)c(Cl)cc2N1,EOS100693,Rest
0,1,0,1,0,2,Oc1c(I)cc(Cl)c2cccnc12,EOS100695,Rest
0,1,1,1,1,4,C[C@H]1[C@H](NC(=O)/C(=N\OC(C)(C)C(=O)O)c2csc(N)n2)C(=O)N1S(=O)(=O)O,EOS100698,Rest
1,1,0,1,1,4,Cc1cn(-c2cc(NC(=O)c3ccc(C)c(Nc4nccc(-c5cccnc5)n4)c3)cc(C(F)(F)F)c2)cn1,EOS100700,Rest
0,0,1,0,1,2,Cc1c(Cl)c(C)[n+]([O-])c(Cl)c1-c1noc(-c2cc(O)c(O)c([N+](=O)[O-])c2)n1,EOS100702,Rest
0,0,0,0,1,1,O=C1CCc2cc(OCCCCc3nnnn3C3CCCCC3)ccc2N1,EOS100707,Rest
0,1,0,1,0,2,N[C@@H]1CONC1=O,EOS100712,Rest
0,1,0,1,0,2,O=c1[nH]c(=O)n([C@H]2C[C@H](O)[C@@H](CO)O2)cc1I,EOS100713,Rest
0,0,0,0,1,1,CC1=C(C)C(=O)C(C(CCCCCC(=O)O)c2ccccc2)=C(C)C1=O,EOS100714,Rest
0,1,0,1,1,3,CC1(C)[C@@H](O)CC[C@]2(C)[C@H]3C(=O)C=C4[C@@H]5C[C@@](C)(C(=O)O)CC[C@]5(C)CC[C@@]4(C)[C@]3(C)CC[C@@H]12,EOS100715,Rest
0,1,0,0,0,1,COc1ccc2[nH]cc(CCNC(C)=O)c2c1,EOS100717,Rest
0,1,0,1,0,2,O=C(O)CCCCC1CCSS1,EOS100718,Rest
1,1,0,1,1,4,COc1nc2ccc(Br)cc2cc1[C@@H](c1ccccc1)[C@@](O)(CCN(C)C)c1cccc2ccccc12,EOS100719,Rest
0,1,0,1,0,2,CCNC(=O)/C=C/c1cccc(Br)c1,EOS100721,Rest
0,1,0,1,0,2,Cc1ccc2c(Cl)cc(Cl)c(O)c2n1,EOS100722,Rest
0,0,0,0,1,1,CC1(C)O[C@@H]2C[C@H]3[C@@H]4CCC5=CC(=O)CC[C@]5(C)[C@@]4(F)[C@@H](O)C[C@]3(C)[C@]2(C(=O)CCl)O1,EOS100725,Rest
0,1,0,0,0,1,CC(Oc1c(Cl)cccc1Cl)C1=NCCN1,EOS100727,Rest
0,0,0,0,1,1,COc1ccc([C@@H]2Sc3ccccc3N(CCN(C)C)C(=O)[C@@H]2OC(C)=O)cc1,EOS100735,Rest
0,1,1,1,1,4,NC(CO)C(=O)NNCc1ccc(O)c(O)c1O,EOS100736,Rest
0,1,0,0,0,1,CCN[C@H]1C[C@H](C)S(=O)(=O)c2sc(S(N)(=O)=O)cc21,EOS100738,Rest
0,1,0,0,0,1,COc1nc(C)nc(Cl)c1NC1=NCCN1,EOS100742,Rest
0,1,0,1,0,2,NNc1nncc2ccccc12,EOS100745,Rest
0,1,0,1,0,2,OCCN1C[C@H](O)[C@@H](O)[C@H](O)[C@H]1CO,EOS100748,Rest
0,1,0,0,0,1,Clc1ccc2nsnc2c1NC1=NCCN1,EOS100752,Rest
0,1,0,1,0,2,NCCc1c[nH]cn1,EOS100754,Rest
0,1,0,1,1,3,CC(O)(CC(=O)O)CC(=O)O,EOS100756,Rest
0,0,0,0,1,1,CC(=O)c1c(C)c2cnc(Nc3ccc(N4CCNCC4)cn3)nc2n(C2CCCC2)c1=O,EOS100760,Rest
0,1,0,1,0,2,CCCCN1C[C@H](O)[C@@H](O)[C@H](O)[C@H]1CO,EOS100764,Rest
0,0,0,0,1,1,CC(C)n1c(/C=C/[C@@H](O)C[C@@H](O)CC(=O)[O-])c(-c2ccc(F)cc2)c2ccccc21,EOS100776,Rest
0,1,0,0,0,1,O=C(NCCN1CCOCC1)c1ccc(Cl)cc1,EOS100784,Rest
0,0,0,0,1,1,CC[C@H](C)C(=O)O[C@H]1C[C@@H](C)C=C2C=C[C@H](C)[C@H](CC[C@@H]3C[C@@H](O)CC(=O)O3)[C@H]21,EOS100788,Rest
0,1,1,1,1,4,CC(C)CN(C[C@@H](O)[C@H](Cc1ccccc1)NC(=O)O[C@H]1CO[C@H]2OCC[C@H]21)S(=O)(=O)c1ccc(N)cc1,EOS100789,Rest
0,1,0,1,1,3,CC(=O)OCC(=O)[C@@]12OC3(CCCC3)O[C@@H]1C[C@H]1[C@@H]3CCC4=CC(=O)C=C[C@]4(C)[C@@]3(F)[C@@H](O)C[C@@]12C,EOS100795,Rest
0,1,0,1,1,3,C[N+](C)(C)CCOC(N)=O,EOS100797,Rest
0,1,0,0,0,1,CCC(=O)NC[C@@H]1C[C@H]1c1cccc2c1CCO2,EOS100803,Rest
0,1,0,1,0,2,CC1(C)[C@H](C(=O)O)N2C(=O)C[C@H]2S1(=O)=O,EOS100805,Rest
0,1,0,0,0,1,Cc1cc(C2CCCCC2)n(O)c(=O)c1,EOS100807,Rest
0,0,0,0,1,1,COc1ccc(/C=C/C(=O)Nc2ccccc2C(=O)O)cc1OC,EOS100808,Rest
0,0,0,1,1,2,CC(=O)OCC(=O)NCCCOc1cccc(CN2CCCCC2)c1,EOS100810,Rest
0,1,0,1,1,3,CCN(CC)C(=S)[S-],EOS100816,Rest
0,0,0,1,1,2,N=C(N)c1ccc(OCCCCCOc2ccc(C(=N)N)cc2)cc1,EOS100817,Rest
0,1,0,1,0,2,C[C@]1(Cn2ccnn2)[C@H](C(=O)O)N2C(=O)C[C@H]2S1(=O)=O,EOS100818,Rest
0,0,0,0,1,1,O=C(NC[C@H]1CN(c2ccc(N3CCOCC3=O)cc2)C(=O)O1)c1ccc(Cl)s1,EOS100821,Rest
0,0,0,0,1,1,CC(=O)Oc1cc(C(C)C)c(OCCN(C)C)cc1C,EOS100826,Rest
0,1,0,0,0,1,O=C([O-])/C=C/c1ccc(Cn2ccnc2)cc1,EOS100827,Rest
0,1,0,0,0,1,CCN(CC)C(=O)c1ccc(O)c(OC)c1,EOS100829,Rest
0,1,0,1,0,2,Cc1cc(=O)oc2cc(O)ccc12,EOS100832,Rest
0,0,0,0,1,1,CC[C@H]1[C@@H](O)[C@@H]2[C@H](CC[C@]3(C)[C@@H]([C@H](C)CCC(=O)O)CC[C@@H]23)[C@@]2(C)CC[C@@H](O)C[C@@H]12,EOS100833,Rest
0,1,0,1,1,3,CC(=O)OCC1=C(C(=O)[O-])N2C(=O)[C@@H](NC(=O)Cc3cccs3)[C@H]2SC1,EOS100842,Rest
0,0,1,1,1,3,CCC(CC)[C@H](NC(C)=O)[C@@H]1[C@H](O)[C@@H](C(=O)O)C[C@H]1NC(=N)N,EOS100843,Rest
0,1,1,1,1,4,CC(C)(C)NC(=O)[C@@H]1CN(Cc2cccnc2)CCN1C[C@@H](O)C[C@@H](Cc1ccccc1)C(=O)N[C@H]1c2ccccc2C[C@H]1O,EOS100846,Rest
0,1,1,1,1,4,CO[C@@]1(NC(=O)Cc2cccs2)C(=O)N2C(C(=O)[O-])=C(COC(N)=O)CS[C@@H]21,EOS100867,Rest
0,1,0,1,0,2,CC1=CC(=O)c2ccccc2C1=O,EOS100869,Rest
0,1,0,1,0,2,O=[N+]([O-])c1ccc(O)c2ncccc12,EOS100872,Rest
0,1,0,1,0,2,Oc1cccc2cccnc12,EOS100874,Rest
0,1,0,1,0,2,Cc1cn([C@H]2C=C[C@@H](CO)O2)c(=O)[nH]c1=O,EOS100877,Rest
0,0,0,0,1,1,CN(C)[C@@H](CCOc1cccc2ccccc12)c1ccccc1,EOS100883,Rest
0,1,0,1,0,2,CC1=NN(c2ccccc2)C(=O)C1,EOS100892,Rest
0,1,1,1,1,4,CCCCCCCC/C=C/CCCCCCCC(=O)O,EOS100894,Rest
0,1,0,0,0,1,O=C1NC(=O)C(c2ccccc2)(c2ccccc2)N1,EOS100899,Rest
0,1,0,0,0,1,c1cnc2cc3c(cc2n1)C1CNCC3C1,EOS100901,Rest
0,1,0,0,0,1,N=C(N)NC(=O)Cc1c(Cl)cccc1Cl,EOS100902,Rest
0,0,1,1,1,3,CCCCN(CCCC)CCCOC(=O)c1ccc(N)cc1,EOS100904,Rest
0,0,0,0,1,1,c1ccc(-c2ccc(C(c3ccccc3)n3ccnc3)cc2)cc1,EOS100911,Rest
0,1,0,1,0,2,CC(N)C12CC3CC(CC(C3)C1)C2,EOS100912,Rest
0,1,1,1,0,3,N=C(N)NC(=O)c1nc(Cl)c(N)nc1N,EOS100915,Rest
0,1,0,1,0,2,Nc1nc(=O)[nH]cc1F,EOS100917,Rest
0,1,0,1,0,2,Nc1ccn([C@@H]2CS[C@H](CO)O2)c(=O)n1,EOS100919,Rest
0,0,1,0,0,1,N#Cc1cc(NC(=O)C(=O)O)c(Cl)c(NC(=O)C(=O)O)c1,EOS100921,Rest
0,0,0,0,1,1,C[C@H]1Oc2cc(cnc2N)-c2c(nn(C)c2C#N)CN(C)C(=O)c2ccc(F)cc21,EOS100924,Rest
0,1,1,1,1,4,C=C1c2cccc(O)c2C(=O)C2=C(O)[C@]3(O)C(=O)C(C(N)=O)=C(O)[C@@H](N(C)C)[C@@H]3[C@@H](O)[C@H]12,EOS100925,Rest
0,0,0,0,1,1,Fc1ccc(C(c2ccc(F)cc2)N2CCN(C/C=C/c3ccccc3)CC2)cc1,EOS100927,Rest
0,0,0,0,1,1,CC(C)Nc1cccnc1N1CCN(C(=O)c2cc3cc(NS(C)(=O)=O)ccc3[nH]2)CC1,EOS100932,Rest
0,1,0,1,1,3,COc1ccc(-c2ccc3cc(C(=O)O)ccc3c2)cc1C12CC3CC(CC(C3)C1)C2,EOS100933,Rest
0,0,1,1,1,3,CCCCCCCCCCCCCCCC(=O)NCCO,EOS100936,Rest
0,1,0,1,0,2,NCCc1ccc(O)cc1,EOS100944,Rest
0,1,0,1,0,2,COC(=O)c1cccnc1,EOS100946,Rest
0,1,0,1,0,2,Oc1c(Cl)cc(Cl)c2cccnc12,EOS100951,Rest
0,0,0,0,1,1,O=C(O)c1ccccc1C(=O)Nc1ccc(S(=O)(=O)Nc2nccs2)cc1,EOS100959,Rest
0,1,0,1,0,2,CN(C)C(=O)Oc1ccc[n+](C)c1,EOS100982,Rest
0,0,0,0,1,1,OC[C@H]1O[C@@H](c2ccc(F)c(Cc3cc4ccccc4s3)c2)[C@H](O)[C@@H](O)[C@@H]1O,EOS100989,Rest
0,0,0,0,1,1,CCC[C@@H]1C[C@@H](C(=O)N[C@@H]([C@H]2O[C@H](SC)[C@H](O)[C@@H](O)[C@H]2O)[C@H](C)Cl)N(C)C1,EOS100997,Rest
0,1,0,0,1,2,COc1ccc(CCN2CCC(Nc3nc4ccccc4n3Cc3ccc(F)cc3)CC2)cc1,EOS101009,Rest
0,0,0,0,1,1,CN1CCC[C@@H]1CCO[C@](C)(c1ccccc1)c1ccc(Cl)cc1,EOS101014,Rest
0,1,0,1,0,2,Cc1cn[nH]c1,EOS101019,Rest
0,1,0,0,0,1,CCOC(=O)c1cncn1[C@H](C)c1ccccc1,EOS101025,Rest
0,1,0,0,1,2,CC(C)NCC(O)c1ccc(NS(C)(=O)=O)cc1,EOS101038,Rest
0,1,0,0,0,1,CCC1(c2ccccc2)C(=O)NCNC1=O,EOS101040,Rest
1,1,0,1,1,4,COc1cc2nccc(Oc3ccc(NC(=O)C4(C(=O)Nc5ccc(F)cc5)CC4)cc3)c2cc1OC,EOS101050,Rest
0,1,0,1,0,2,OC[C@H]1O[C@@H](n2cnc3c2NC=NC[C@H]3O)C[C@@H]1O,EOS101053,Rest
0,1,0,0,1,2,CC#CCn1c(N2CCC[C@@H](N)C2)nc2c1c(=O)n(Cc1nc(C)c3ccccc3n1)c(=O)n2C,EOS101055,Rest
1,0,1,1,1,4,CN(Cc1cnc2nc(N)nc(N)c2n1)c1ccc(C(=O)N[C@@H](CCC(=O)O)C(=O)O)cc1,EOS101066,Rest
0,0,0,0,1,1,O=C(Nc1c(Cl)cncc1Cl)c1ccc(OC(F)F)c(OCC2CC2)c1,EOS101068,Rest
0,0,0,0,1,1,CN[C@H]1CC[C@@H](c2ccc(Cl)c(Cl)c2)c2ccccc21,EOS101069,Rest
0,0,0,0,1,1,OC[C@H]1O[C@@H](c2ccc(Cl)c(Cc3ccc(O[C@H]4CCOC4)cc3)c2)[C@H](O)[C@@H](O)[C@@H]1O,EOS101071,Rest
0,0,0,0,1,1,CCOc1nc2cccc(C(=O)O)c2n1Cc1ccc(-c2ccccc2-c2nn[nH]n2)cc1,EOS101078,Rest
0,0,0,0,1,1,CC(C)(C)c1cc(C(C)(C)C)c(NC(=O)c2c[nH]c3ccccc3c2=O)cc1O,EOS101081,Rest
0,1,0,0,1,2,Cc1ccc(NC(=O)c2ccc(CN3CCN(C)CC3)cc2)cc1Nc1nc(-c2cccnc2)cs1,EOS101084,Rest
0,1,0,0,1,2,CC(C)NCC(O)COc1ccc(CC(N)=O)cc1,EOS101086,Rest
0,0,0,0,1,1,CC(C)C[C@H](NC(=O)[C@@H](O)[C@H](N)Cc1ccccc1)C(=O)O,EOS101087,Rest
0,0,0,1,1,2,CCOC(=O)[C@H](CCc1ccccc1)N[C@H]1CCc2ccccc2N(CC(=O)O)C1=O,EOS101089,Rest
0,1,0,1,0,2,O=c1cccc2n1C[C@@H]1CNC[C@H]2C1,EOS101090,Rest
0,0,1,1,1,3,Cc1nc2ccc(CN(C)c3ccc(C(=O)N[C@@H](CCC(=O)O)C(=O)O)s3)cc2c(=O)[nH]1,EOS101092,Rest
0,0,0,0,1,1,CCCCC1=NC2(CCCC2)C(=O)N1Cc1ccc(-c2ccccc2-c2nnn[nH]2)cc1,EOS101093,Rest
0,1,0,1,1,3,CCN(c1cc(-c2ccc(CN3CCOCC3)cc2)cc(C(=O)NCc2c(C)cc(C)[nH]c2=O)c1C)C1CCOCC1,EOS101094,Rest
0,1,0,1,1,3,CCc1c2c(nc3ccc(OC(=O)N4CCC(N5CCCCC5)CC4)cc13)-c1cc3c(c(=O)n1C2)COC(=O)[C@]3(O)CC,EOS101097,Rest
0,1,0,1,1,3,COc1cc2nccc(Oc3ccc(NC(=O)Nc4cc(C)on4)c(Cl)c3)c2cc1OC,EOS101098,Rest
0,0,0,0,1,1,O=C1CCc2ccc(OCCCCN3CCN(c4cccc(Cl)c4Cl)CC3)cc2N1,EOS101100,Rest
0,1,0,0,0,1,CC(C)(C(=O)c1cccnc1)c1cccnc1,EOS101104,Rest
0,1,0,0,1,2,CCCCCCOc1nsnc1C1=CCCN(C)C1,EOS101121,Rest
0,1,1,1,1,4,CCCCCCCCCCC[C@@H](C[C@@H]1OC(=O)[C@H]1CCCCCC)OC(=O)[C@H](CC(C)C)NC=O,EOS101127,Rest
0,1,0,1,1,3,CC(C)C[C@H]1C(=O)N2CCC[C@H]2[C@]2(O)O[C@](NC(=O)[C@@H]3C=C4c5cccc6[nH]c(Br)c(c56)C[C@H]4N(C)C3)(C(C)C)C(=O)N12,EOS101129,Rest
0,1,0,0,0,1,N#Cc1ccc(Oc2ccc3c(c2)COB3O)cc1,EOS101135,Rest
0,0,0,0,1,1,CCCc1nn(C)c2c(=O)[nH]c(-c3cc(S(=O)(=O)N4CCN(C)CC4)ccc3OCC)nc12,EOS101137,Rest
0,0,0,0,1,1,Cc1ccc(O)c([C@H](CCN(C(C)C)C(C)C)c2ccccc2)c1,EOS101138,Rest
0,1,0,0,1,2,CC(C)NCC(O)COc1cccc2ccccc12,EOS101139,Rest
0,0,0,0,1,1,CNC(=O)c1ccc(-c2cnc3ncc(Cc4ccc5ncccc5c4)n3n2)cc1F,EOS101142,Rest
0,0,0,0,1,1,COc1ccc(-n2nc(C(N)=O)c3c2C(=O)N(c2ccc(N4CCCCC4=O)cc2)CC3)cc1,EOS101143,Rest
0,0,0,0,1,1,C/C=C(/C)C(=O)O[C@H]1C(C)=C[C@]23C(=O)[C@@H](C=C(CO)[C@@H](O)[C@]12O)[C@H]1[C@@H](C[C@H]3C)C1(C)C,EOS101147,Rest
0,1,0,1,0,2,CC(=O)/N=c1/sc(S(N)(=O)=O)nn1C,EOS101153,Rest
1,1,1,1,0,4,Nc1ncnc2c1ncn2[C@@H]1O[C@H](COP(=O)(O)O)[C@@H](O)[C@H]1O,EOS101155,Rest
0,0,0,0,1,1,C[C@H](NCc1ccc(OCc2cccc(F)c2)cc1)C(N)=O,EOS101156,Rest
0,0,0,0,1,1,CC1(C)O[C@@H]2C[C@H]3[C@@H]4C[C@H](F)C5=CC(=O)C=C[C@]5(C)[C@H]4[C@@H](O)C[C@]3(C)[C@]2(C(=O)CO)O1,EOS101161,Rest
1,1,0,1,1,4,CN1CCc2nc(C(=O)N[C@@H]3C[C@@H](C(=O)N(C)C)CC[C@@H]3NC(=O)C(=O)Nc3ccc(Cl)cn3)sc2C1,EOS101162,Rest
0,1,0,1,1,3,O=C(O)CCCCCCCC(=O)O,EOS101165,Rest
0,1,0,0,1,2,Cc1ccc(C)c(OCCCC(C)(C)C(=O)O)c1,EOS101169,Rest
0,1,0,0,1,2,COc1ccccc1OCC(O)COC(N)=O,EOS101177,Rest
0,1,0,0,1,2,CCCc1nc(C)c2c(=O)[nH]c(-c3cc(S(=O)(=O)N4CCN(CC)CC4)ccc3OCC)nn12,EOS101178,Rest
0,1,0,0,0,1,COc1ccc2cccc(CCNC(C)=O)c2c1,EOS101180,Rest
0,0,0,0,1,1,CNCCC(Oc1ccc(C(F)(F)F)cc1)c1ccccc1,EOS101181,Rest
1,1,0,1,1,4,CCc1cc(/C(C)=N/OCc2ccc(C3CCCCC3)c(C(F)(F)F)c2)ccc1CN1CC(C(=O)O)C1,EOS101184,Rest
0,0,0,0,1,1,CN(CCOc1ccc(CC2SC(=O)NC2=O)cc1)c1ccccn1,EOS101189,Rest
0,1,0,1,1,3,CCOc1cc(CC(=O)N[C@@H](CC(C)C)c2ccccc2N2CCCCC2)ccc1C(=O)O,EOS101190,Rest
0,1,0,0,0,1,Brc1c(NC2=NCCN2)ccc2nccnc12,EOS101194,Rest
1,1,0,1,1,4,CC(C)(C)c1cc(NC(=O)Nc2ccc(-c3cn4c(n3)sc3cc(OCCN5CCOCC5)ccc34)cc2)no1,EOS101202,Rest
0,1,1,1,1,4,COCC(=O)O[C@]1(CCN(C)CCCc2nc3ccccc3[nH]2)CCc2cc(F)ccc2[C@@H]1C(C)C,EOS101204,Rest
0,1,0,1,1,3,O=c1[nH]c2ccccc2n1C1CCN(CCCC(c2ccc(F)cc2)c2ccc(F)cc2)CC1,EOS101205,Rest
0,1,0,0,0,1,Cc1[nH]c(=O)c(C#N)cc1-c1ccncc1,EOS101207,Rest
1,1,0,1,1,4,COC(=O)[C@H]1[C@H]2C[C@@H]3c4[nH]c5cc(OC)ccc5c4CCN3C[C@H]2C[C@@H](OC(=O)c2cc(OC)c(OC)c(OC)c2)[C@@H]1OC,EOS101211,Rest
0,1,0,0,0,1,O=C(c1ccccc1)c1ccc2n1CCC2C(=O)O,EOS101212,Rest
0,0,0,0,1,1,Cc1nc(NC(=O)N2CCC[C@H]2C(N)=O)sc1-c1ccnc(C(C)(C)C(F)(F)F)c1,EOS101220,Rest
0,0,0,0,1,1,CCCCOc1ccc(C(=O)CCN2CCCCC2)cc1,EOS101223,Rest
0,0,0,0,1,1,Cc1ccccc1C(OCCN(C)C)c1ccccc1,EOS101225,Rest
0,1,1,1,1,4,CC(C)[C@H](N)C(=O)OCCOCn1cnc2c(=O)[nH]c(N)nc21,EOS101227,Rest
0,1,0,0,0,1,O=C1CN2Cc3c(ccc(Cl)c3Cl)NC2=N1,EOS101228,Rest
0,1,0,1,1,3,COc1cc(OC)cc(N(CCNC(C)C)c2ccc3ncc(-c4cnn(C)c4)nc3c2)c1,EOS101229,Rest
0,1,0,0,1,2,CN(C)C[C@@H]1CCn2cc(c3ccccc32)C2=C(C(=O)NC2=O)c2cn(c3ccccc23)CCO1,EOS101236,Rest
0,0,0,0,1,1,Cc1ccsc1C(=CCCN1CCC[C@@H](C(=O)O)C1)c1sccc1C,EOS101241,Rest
0,0,0,0,1,1,Cc1ccc(Nc2nccc(N(C)c3ccc4c(C)n(C)nc4c3)n2)cc1S(N)(=O)=O,EOS101242,Rest
0,0,0,0,1,1,CCOc1cc([C@@H](CS(C)(=O)=O)N2C(=O)c3cccc(NC(C)=O)c3C2=O)ccc1OC,EOS101244,Rest
0,1,0,1,1,3,CNC(=O)c1cc(Oc2ccc(NC(=O)Nc3ccc(Cl)c(C(F)(F)F)c3)c(F)c2)ccn1,EOS101246,Rest
1,1,0,1,1,4,C[C@]12C=CC(=O)N[C@@H]1CC[C@@H]1[C@@H]2CC[C@]2(C)[C@@H](C(=O)Nc3cc(C(F)(F)F)ccc3C(F)(F)F)CC[C@@H]12,EOS101248,Rest
1,1,0,1,1,4,COc1cc(N2CCC(N(C)C)CC2)ccc1Nc1ncc(Cl)c(Nc2ccccc2P(C)(C)=O)n1,EOS101250,Rest
0,1,0,0,0,1,CC(C(=O)O)c1ccc(-c2ccccc2)c(F)c1,EOS101264,Rest
0,1,0,0,0,1,Cc1c(Cl)cccc1Nc1ccccc1C(=O)O,EOS101265,Rest
0,0,0,0,1,1,N#Cc1ccc2[nH]cc(CCCCN3CCN(c4ccc5oc(C(N)=O)cc5c4)CC3)c2c1,EOS101268,Rest
0,1,0,1,0,2,Nc1ccn([C@H]2CC[C@@H](CO)O2)c(=O)n1,EOS101271,Rest
0,1,0,0,0,1,CC(C(=O)O)c1ccc(C(=O)c2cccs2)cc1,EOS101273,Rest
0,0,0,0,1,1,CN(C)C(=O)c1cc2cnc(Nc3ccc(N4CCNCC4)cn3)nc2n1C1CCCC1,EOS101280,Rest
0,1,0,0,1,2,CC#CC(=O)N1CCC[C@H]1c1nc(-c2ccc(C(=O)Nc3ccccn3)cc2)c2c(N)nccn12,EOS101283,Rest
0,0,0,0,1,1,COc1ccnc(CS(=O)c2nc3ccc(OC(F)F)cc3[n-]2)c1OC,EOS101284,Rest
0,1,1,1,1,4,CCCNS(=O)(=O)Nc1ncnc(OCCOc2ncc(Br)cn2)c1-c1ccc(Br)cc1,EOS101286,Rest
0,0,0,0,1,1,COc1cc2ncnc(Nc3ccc(F)c(Cl)c3)c2cc1NC(=O)/C=C/CN1CCCCC1,EOS101295,Rest
0,0,0,0,1,1,CCOc1ccc(Cc2cc([C@]34OC[C@](CO)(O3)[C@@H](O)[C@H](O)[C@H]4O)ccc2Cl)cc1,EOS101308,Rest
0,0,0,0,1,1,COc1cc2nc(N3CCN(C(=O)C4COc5ccccc5O4)CC3)nc(N)c2cc1OC,EOS101317,Rest
0,1,1,1,1,4,CC(C)N(CCCCOCC(=O)NS(C)(=O)=O)c1cnc(-c2ccccc2)c(-c2ccccc2)n1,EOS101320,Rest
0,0,0,1,1,2,Nc1nc(CC(=O)Nc2ccc(CCNC[C@H](O)c3ccccc3)cc2)cs1,EOS101323,Rest
0,1,0,1,1,3,CC(=O)Nc1cccc(-n2c(=O)n(C3CC3)c(=O)c3c(Nc4ccc(I)cc4F)n(C)c(=O)c(C)c32)c1,EOS101324,Rest
0,0,0,0,1,1,C[C@@H]1CCO[C@H]2Cn3cc(C(=O)NCc4ccc(F)cc4F)c(=O)c(O)c3C(=O)N12,EOS101330,Rest
0,0,0,0,1,1,CC(C)C[C@H](NC(=O)CNC(=O)c1cc(Cl)ccc1Cl)B(O)O,EOS101331,Rest
0,1,0,0,1,2,CN(C)CCOC(c1ccccc1)c1ccccc1,EOS101347,Rest
0,1,0,0,0,1,CCC(=O)NCC[C@@H]1CCc2ccc3c(c21)CCO3,EOS101348,Rest
0,0,0,0,1,1,CC(C)[N+](C)(CCOC(=O)C1c2ccccc2Oc2ccccc21)C(C)C,EOS101350,Rest
0,0,0,0,1,1,CN1CCC[C@@H]1Cc1c[nH]c2ccc(CCS(=O)(=O)c3ccccc3)cc12,EOS101352,Rest
0,1,0,0,0,1,CN(C)C(=O)Oc1cccc([N+](C)(C)C)c1,EOS101353,Rest
0,1,0,1,1,3,Cc1c(C(=O)Nc2ccc(N3C[C@@H](C)O[C@@H](C)C3)nc2)cccc1-c1ccc(OC(F)(F)F)cc1,EOS101358,Rest
0,1,0,1,1,3,CC(=O)O[C@H]1CC[C@@]2(C)C(=CC[C@@H]3[C@@H]2CC[C@]2(C)C(c4cccnc4)=CC[C@@H]32)C1,EOS101365,Rest
0,0,0,0,1,1,O=C(c1cc(Cc2n[nH]c(=O)c3ccccc23)ccc1F)N1CCN(C(=O)C2CC2)CC1,EOS101367,Rest
0,0,0,0,1,1,Clc1ccccc1C(c1ccccc1)(c1ccccc1)n1ccnc1,EOS101370,Rest
0,1,0,0,0,1,Cc1cccc(Nc2ccccc2C(=O)O)c1C,EOS101371,Rest
0,0,0,0,1,1,CC(C)OC(=O)C(C)(C)Oc1ccc(C(=O)c2ccc(Cl)cc2)cc1,EOS101374,Rest
0,1,0,0,0,1,O=C1CCC(N2C(=O)c3ccccc3C2=O)C(=O)N1,EOS101375,Rest
0,1,0,1,1,3,C=C(c1ccc(C(=O)O)cc1)c1cc2c(cc1C)C(C)(C)CCC2(C)C,EOS101376,Rest
0,0,1,1,1,3,CN(CCOc1ccc(NS(C)(=O)=O)cc1)CCc1ccc(NS(C)(=O)=O)cc1,EOS101379,Rest
0,1,0,1,1,3,N[C@@H](Cc1cc(I)c(Oc2ccc(O)c(I)c2)c(I)c1)C(=O)[O-],EOS101380,Rest
0,1,0,1,1,3,COc1ccc(CNc2nc(N3CCC[C@H]3CO)ncc2C(=O)NCc2ncccn2)cc1Cl,EOS101381,Rest
0,1,1,0,1,3,CC(=O)[C@]1(O)Cc2c(O)c3c(c(O)c2[C@@H](O[C@H]2C[C@H](N)[C@H](O)[C@H](C)O2)C1)C(=O)c1ccccc1C3=O,EOS101383,Rest
0,1,0,0,1,2,CCc1cc2c(cc1N1CCC(N3CCOCC3)CC1)C(C)(C)c1[nH]c3cc(C#N)ccc3c1C2=O,EOS101384,Rest
0,1,0,0,0,1,Cc1oncc1C(=O)Nc1ccc(C(F)(F)F)cc1,EOS101397,Rest
0,1,0,1,1,3,CN1C[C@H](C(=O)N[C@]2(C)O[C@@]3(O)[C@@H]4CCCN4C(=O)[C@H](Cc4ccccc4)N3C2=O)C[C@@H]2c3cccc4[nH]cc(c34)C[C@H]21,EOS101404,Rest
0,1,0,1,0,2,NNCCc1ccccc1,EOS101407,Rest
0,1,0,1,0,2,CNC[C@H](O)c1cccc(O)c1,EOS101410,Rest
0,1,1,1,1,4,C[C@H](Cc1cc2c(c(C(N)=O)c1)N(CCCO)CC2)NCCOc1ccccc1OCC(F)(F)F,EOS101411,Rest
0,1,0,1,1,3,CC(C)(C)c1ccc(C(O)CCCN2CCC(C(O)(c3ccccc3)c3ccccc3)CC2)cc1,EOS101413,Rest
0,1,0,0,0,1,COc1ccc(C(=O)N2CCCC2=O)cc1,EOS101416,Rest
0,0,0,0,1,1,CCOc1ccc(Cc2cc([C@@H]3O[C@H](SC)[C@@H](O)[C@H](O)[C@H]3O)ccc2Cl)cc1,EOS101422,Rest
0,0,1,1,1,3,CCCCCN(CCCOC)C(=O)C(CCC(=O)O)NC(=O)c1ccc(Cl)c(Cl)c1,EOS101425,Rest
0,0,1,1,1,3,OCc1cc(C(O)CNCCCCCCOCCCCc2ccccc2)ccc1O,EOS101427,Rest
0,1,0,1,1,3,COC(=O)C[C@](O)(CCCC(C)(C)O)C(=O)O[C@@H]1C(OC)=C[C@]23CCCN2CCc2cc4c(cc2[C@H]13)OCO4,EOS101430,Rest
0,1,0,0,0,1,CN(C)CCC(c1ccc(Cl)cc1)c1ccccn1,EOS101431,Rest
0,1,0,1,0,2,C[C@H](CS)C(=O)N1CCC[C@H]1C(=O)O,EOS101434,Rest
0,0,0,0,1,1,OCCN1CCN(CCCN2c3ccccc3Sc3ccc(Cl)cc32)CC1,EOS101436,Rest
0,1,0,0,1,2,CNCC[C@@H](Oc1ccccc1C)c1ccccc1,EOS101440,Rest
0,1,0,1,1,3,CC(=O)OCC[N+](C)(C)C,EOS101447,Rest
0,1,0,1,1,3,Oc1ccc2c(c1)CC[C@H](c1ccccc1)[C@@H]2c1ccc(OCCN2CCCC2)cc1,EOS101448,Rest
0,0,0,0,1,1,O=C(Nc1cnn2ccc(N3CCC[C@@H]3c3cc(F)ccc3F)nc12)N1CC[C@H](O)C1,EOS101450,Rest
0,1,0,0,0,1,CC(C)NCC(O)c1ccc(O)c(O)c1,EOS101453,Rest
0,1,0,0,0,1,CCc1nc(N)nc(N)c1-c1ccc(Cl)cc1,EOS101458,Rest
0,1,0,1,1,3,Clc1ccc(COC(Cn2ccnc2)c2ccc(Cl)cc2Cl)c(Cl)c1,EOS101462,Rest
0,0,0,0,1,1,CN(C)C(=O)N[C@H]1CC[C@H](CCN2CCN(c3cccc(Cl)c3Cl)CC2)CC1,EOS101463,Rest
0,1,0,1,1,3,CCC(=O)O[C@]1(C(=O)SCF)[C@H](C)C[C@H]2[C@@H]3C[C@H](F)C4=CC(=O)C=C[C@]4(C)[C@@]3(F)[C@@H](O)C[C@@]21C,EOS101465,Rest
0,0,0,0,1,1,CC(C)Oc1ccc(-c2nc(-c3cccc4c3CC[C@@H]4NCCO)no2)cc1C#N,EOS101466,Rest
0,0,0,0,1,1,COc1cc(NCc2ccc3nc(N)nc(N)c3c2C)cc(OC)c1OC,EOS101467,Rest
0,0,0,0,1,1,CC#C[C@]1(O)CC[C@H]2[C@@H]3CCC4=CC(=O)CCC4=C3[C@@H](c3ccc(N(C)C)cc3)C[C@@]21C,EOS101471,Rest
1,1,0,1,1,4,Cc1cc(Nc2ncc(Cl)c(Nc3ccccc3S(=O)(=O)C(C)C)n2)c(OC(C)C)cc1C1CCNCC1,EOS101475,Rest
1,1,0,1,1,4,CC(C)(Sc1cc(C(C)(C)C)c(O)c(C(C)(C)C)c1)Sc1cc(C(C)(C)C)c(O)c(C(C)(C)C)c1,EOS101480,Rest
0,0,0,0,1,1,CC1(C)O[C@@H]2C[C@H]3[C@@H]4C[C@H](F)C5=CC(=O)C=C[C@]5(C)[C@@]4(F)[C@@H](O)C[C@]3(C)[C@]2(C(=O)CO)O1,EOS101482,Rest
0,1,0,1,1,3,CC1=C(/C=C/C(C)=C/C=C/C(C)=C/C(=O)O)C(C)(C)CCC1,EOS101511,Rest
0,0,0,0,1,1,C=CC(=O)N1CCCC(n2nc(-c3ccc(Oc4ccccc4)cc3)c3c(N)ncnc32)C1,EOS101516,Rest
0,0,0,0,1,1,Cc1ccccc1C(=O)Nc1ccc(C(=O)N2CCCC(N(C)C)c3ccccc32)cc1,EOS101517,Rest
0,1,0,1,0,2,c1ccc2[nH]c(-c3cscn3)nc2c1,EOS101522,Rest
0,0,0,0,1,1,CCC(C)(C)C(=O)O[C@H]1C[C@@H](C)C=C2C=C[C@H](C)[C@H](CC[C@@H]3C[C@@H](O)CC(=O)O3)[C@H]21,EOS101526,Rest
0,1,0,0,0,1,CC(C)Cc1ccc(C(C)C(=O)O)cc1,EOS101530,Rest
0,0,0,0,1,1,Cn1cnc2c(F)c(Nc3ccc(Br)cc3F)c(C(=O)NOCCO)cc21,EOS101537,Rest
0,0,0,0,1,1,CCN(CC)CC#CCOC(=O)C(O)(c1ccccc1)C1CCCCC1,EOS101542,Rest
0,0,1,1,1,3,O=C1c2c(O)ccc(O)c2C(=O)c2c(NCCNCCO)ccc(NCCNCCO)c21,EOS101546,Rest
0,1,0,0,0,1,N#Cc1ccc([C@H]2CCc3cncn32)c(F)c1,EOS101553,Rest
0,1,0,1,1,3,CCc1nn(CCCN2CCN(c3cccc(Cl)c3)CC2)c(=O)n1CCOc1ccccc1,EOS101562,Rest
0,0,0,0,1,1,CCc1ccc(CCOc2ccc(CC3SC(=O)NC3=O)cc2)nc1,EOS101571,Rest
0,1,0,0,1,2,COc1ccc(Cl)cc1C(=O)NCCc1ccc(S(=O)(=O)NC(=O)NC2CCCCC2)cc1,EOS101572,Rest
0,1,0,1,0,2,C#CCN(C)Cc1ccccc1,EOS101573,Rest
0,0,1,1,1,3,CCCCCCCCc1ccc(CCC(N)(CO)CO)cc1,EOS101578,Rest
0,1,0,0,0,1,N#Cc1ccc(C2CCCc3cncn32)cc1,EOS101582,Rest
0,0,0,1,1,2,C#Cc1cccc(Nc2ncnc3cc(OCCOC)c(OCCOC)cc23)c1,EOS101584,Rest
0,1,0,0,1,2,CCCN(CCC)CCc1cccc2c1CC(=O)N2,EOS101587,Rest
0,0,0,0,1,1,CCOC(=O)C1=C(COCCN)NC(C)=C(C(=O)OC)C1c1ccccc1Cl,EOS101588,Rest
0,1,0,1,1,3,C[C@@H](NCCCc1cccc(C(F)(F)F)c1)c1cccc2ccccc12,EOS101589,Rest
0,1,0,1,0,2,CC[N+](C)(C)c1cccc(O)c1,EOS101597,Rest
0,1,0,0,1,2,CCCS(=O)(=O)Nc1ccc(F)c(C(=O)c2c[nH]c3ncc(-c4ccc(Cl)cc4)cc23)c1F,EOS101599,Rest
0,0,0,0,1,1,COc1cc2c(cc1OC)C(=O)C(CC1CCN(Cc3ccccc3)CC1)C2,EOS101603,Rest
0,0,0,0,1,1,COc1cc2nccc(Oc3ccc(NC(=O)NC4CC4)c(Cl)c3)c2cc1C(N)=O,EOS101608,Rest
0,0,0,0,1,1,CCCC1O[C@@H]2C[C@H]3[C@@H]4CCC5=CC(=O)C=C[C@]5(C)[C@H]4[C@@H](O)C[C@]3(C)[C@]2(C(=O)CO)O1,EOS101610,Rest
0,0,0,0,1,1,COc1cc([C@@H]2c3cc4c(cc3[C@H](O)[C@H]3COC(=O)[C@H]23)OCO4)cc(OC)c1OC,EOS101612,Rest
0,0,0,0,1,1,CC(=O)O[C@]1(C(C)=O)CC[C@H]2[C@@H]3C=C(Cl)C4=CC(=O)[C@@H]5C[C@@H]5[C@]4(C)[C@H]3CC[C@@]21C,EOS101617,Rest
0,0,0,0,1,1,CCOc1cc(N)c(Cl)cc1C(=O)NCC1CN(Cc2ccc(F)cc2)CCO1,EOS101625,Rest
0,0,0,0,1,1,CNCC[C@H](Oc1cccc2ccccc12)c1cccs1,EOS101627,Rest
0,0,0,0,1,1,CCN(CC)CCNC(=O)c1cc(Cl)c(N)cc1OC,EOS101629,Rest
0,1,0,1,0,2,NC[C@H](O)c1ccc(O)c(O)c1,EOS101643,Rest
0,1,0,0,1,2,CC(C)NCC(O)COc1cccc2[nH]ccc12,EOS101646,Rest
0,1,0,0,1,2,CN1CCC(COc2cnc(-c3cccc(Cn4nc(-c5cccc(C#N)c5)ccc4=O)c3)nc2)CC1,EOS101647,Rest
0,0,0,0,1,1,Cc1nc2n(c(=O)c1CCN1CCC(c3noc4cc(F)ccc34)CC1)CCCC2,EOS101648,Rest
0,0,0,0,1,1,CCN1CCC[C@H]1CNC(=O)c1cc(S(N)(=O)=O)ccc1OC,EOS101654,Rest
0,1,0,0,0,1,Clc1ccccc1CN1CCc2sccc2C1,EOS101656,Rest
0,1,0,1,0,2,CC1=NS(=O)(=O)c2cc(Cl)ccc2N1,EOS101657,Rest
0,0,0,0,1,1,O=C(O)CCn1c2c(c3ccccc31)C[C@H](NS(=O)(=O)c1ccc(F)cc1)CC2,EOS101658,Rest
0,0,0,1,1,2,CC[C@H](C)C(=O)O[C@H]1C[C@H](O)C=C2C=C[C@H](C)[C@H](CC[C@@H](O)C[C@@H](O)CC(=O)[O-])[C@H]21,EOS101660,Rest
0,1,0,1,1,3,Cc1nc2c([nH]1)-c1ccccc1N(C(=O)c1ccc(NC(=O)c3ccccc3-c3ccccc3)cc1)CC2,EOS101662,Rest
1,0,1,1,1,4,C#CCC(Cc1cnc2nc(N)nc(N)c2n1)c1ccc(C(=O)N[C@@H](CCC(=O)O)C(=O)O)cc1,EOS101674,Rest
0,1,0,0,1,2,CN(C)C(=O)C(CCN1CCC(O)(c2ccc(Cl)cc2)CC1)(c1ccccc1)c1ccccc1,EOS101675,Rest
0,0,1,1,1,3,CC(C)NCC(O)COc1ccc(CCOCC2CC2)cc1,EOS101678,Rest
0,1,0,0,0,1,O=C(O)CCCC[C@@H]1SC[C@@H]2NC(=O)N[C@@H]21,EOS101683,Rest
1,1,0,1,1,4,O=C(NC1CCN(CCCCC2(C(=O)NCC(F)(F)F)c3ccccc3-c3ccccc32)CC1)c1ccccc1-c1ccc(C(F)(F)F)cc1,EOS101685,Rest
0,0,0,1,1,2,COCCCC/C(=N\OCCN)c1ccc(C(F)(F)F)cc1,EOS101688,Rest
0,1,0,1,1,3,Clc1ccc(COC(Cn2ccnc2)c2ccc(Cl)cc2Cl)cc1,EOS101690,Rest
0,0,1,1,1,3,CCCCCCCC(=O)N[C@H](CN1CCCC1)[C@H](O)c1ccc2c(c1)OCCO2,EOS101691,Rest
0,0,0,0,1,1,Cc1cccc(CN2CCN(C(c3ccccc3)c3ccc(Cl)cc3)CC2)c1,EOS101693,Rest
0,1,1,1,1,4,CCCCCCCCCCCCCCCC(=O)O,EOS101697,Rest
0,0,0,1,1,2,COc1cc(CNC(=O)CCCC/C=C\C(C)C)ccc1O,EOS101698,Rest
0,1,0,1,0,2,O=c1[nH]cc(F)c(=O)[nH]1,EOS101699,Rest
0,1,0,1,0,2,NS(=O)(=O)Cc1noc2ccccc12,EOS101701,Rest
0,1,0,1,1,3,O=C(O)Cc1cc(I)c(Oc2ccc(O)c(I)c2)c(I)c1,EOS101716,Rest
0,1,1,1,1,4,COc1ccc(CCN(C)CCCC(C#N)(c2ccc(OC)c(OC)c2)C(C)C)cc1OC,EOS101717,Rest
0,0,1,1,1,3,CCCCC[C@H](O)/C=C/[C@H]1[C@H](O)CC(=O)[C@@H]1C/C=C\CCCC(=O)O,EOS101721,Rest
0,1,0,0,0,1,CC(c1cc2ccccc2s1)N(O)C(N)=O,EOS101727,Rest
0,1,0,1,1,3,O=C(O[C@H]1C[N+]2(CCCOc3ccccc3)CCC1CC2)C(O)(c1cccs1)c1cccs1,EOS101729,Rest
0,1,0,1,1,3,O=C(Nc1cccc2c(=O)cc(-c3nn[nH]n3)oc12)c1ccc(OCCCCc2ccccc2)cc1,EOS101736,Rest
0,0,0,0,1,1,CCC(=O)O[C@]1(C(=O)CCl)[C@@H](C)C[C@H]2[C@@H]3CCC4=CC(=O)C=C[C@]4(C)[C@@]3(F)[C@@H](O)C[C@@]21C,EOS101737,Rest
0,0,0,0,1,1,Cc1cc2c(cc1CC(=O)c1sccc1S(=O)(=O)[N-]c1onc(C)c1Cl)OCO2,EOS101741,Rest
0,1,0,1,1,3,CCCC(=O)O[C@]1(C(=O)COC(C)=O)CC[C@H]2[C@@H]3C[C@H](F)C4=CC(=O)C=C[C@]4(C)[C@@]3(F)[C@@H](O)C[C@@]21C,EOS101744,Rest
0,0,0,0,1,1,NC(=O)C(c1ccccc1)(c1ccccc1)[C@@H]1CCN(CCc2ccc3c(c2)CCO3)C1,EOS101748,Rest
1,0,1,1,1,4,Nc1nc2[nH]cc(CCc3ccc(C(=O)N[C@@H](CCC(=O)O)C(=O)O)cc3)c2c(=O)[nH]1,EOS101754,Rest
0,0,0,0,1,1,Cc1ccc([C@@H]2O[C@H](CO)[C@@H](O)[C@H](O)[C@H]2O)cc1Cc1ccc(-c2ccc(F)cc2)s1,EOS101757,Rest
0,1,0,1,1,3,C[C@@H](O[C@H]1OCCN(Cc2n[nH]c(=O)[nH]2)[C@H]1c1ccc(F)cc1)c1cc(C(F)(F)F)cc(C(F)(F)F)c1,EOS101759,Rest
0,0,0,0,1,1,CCCCc1nc(Cl)c(CO)n1Cc1ccc(-c2ccccc2-c2nn[nH]n2)cc1,EOS101761,Rest
1,1,0,1,1,4,COc1cc(Nc2c(C#N)cnc3cc(OCCCN4CCN(C)CC4)c(OC)cc23)c(Cl)cc1Cl,EOS101765,Rest
0,1,0,1,0,2,Nc1nc(F)nc2c1ncn2[C@@H]1O[C@H](CO)[C@@H](O)[C@@H]1O,EOS101767,Rest
0,1,0,1,1,3,Oc1c(Cl)cc(Cl)cc1Sc1cc(Cl)cc(Cl)c1O,EOS101771,Rest
0,0,0,0,1,1,O=C(Nc1nc2cccc(-c3ccc(CN4CCS(=O)(=O)CC4)cc3)n2n1)C1CC1,EOS101779,Rest
0,0,0,0,1,1,CS(=O)(=O)c1ccc(C(=O)Nc2ccc(Cl)c(-c3ccccn3)c2)c(Cl)c1,EOS101786,Rest
0,0,1,1,1,3,CC1(C)C[C@@H]1C(=O)N/C(=C\CCCCSC[C@H](N)C(=O)O)C(=O)O,EOS101789,Rest
0,1,0,0,0,1,CC(C(=O)O)c1cccc(C(=O)c2ccccc2)c1,EOS101790,Rest
0,1,0,0,0,1,Cc1cc(C(C)(C)C)cc(C)c1CC1=NCCN1,EOS101791,Rest
0,0,0,1,1,2,CCCCC(=O)N(Cc1ccc(-c2ccccc2-c2nn[nH]n2)cc1)[C@H](C(=O)O)C(C)C,EOS101792,Rest
0,0,1,0,1,2,O=C(O)c1cc(/N=N/c2ccc(S(=O)(=O)Nc3ccccn3)cc2)ccc1O,EOS101793,Rest
0,0,0,0,1,1,COCCCN1CCC(NC(=O)c2cc(Cl)c(N)c3c2OCC3)CC1,EOS101800,Rest
0,1,0,1,1,3,CCOC(=O)N[C@@H]1CC[C@@H]2[C@@H](C1)C[C@H]1C(=O)O[C@H](C)[C@H]1[C@H]2/C=C/c1ccc(-c2cccc(F)c2)cn1,EOS101802,Rest
0,0,0,1,1,2,CC(C)C[C@H](NC(=O)[C@H](Cc1ccccc1)NC(=O)c1cnccn1)B(O)O,EOS101809,Rest
0,1,0,1,0,2,Clc1cccc(Cl)c1NC1=NCCN1,EOS101811,Rest
1,1,0,1,1,4,Cc1nnc(C(C)C)n1[C@@H]1C[C@H]2CC[C@@H](C1)N2CC[C@H](NC(=O)C1CCC(F)(F)CC1)c1ccccc1,EOS101814,Rest
0,1,0,1,1,3,N[C@@H](Cc1cc(I)c(Oc2cc(I)c(O)c(I)c2)c(I)c1)C(=O)O,EOS101817,Rest
1,1,0,1,1,4,CO[C@@H]1[C@H](N(C)C(=O)c2ccccc2)C[C@H]2O[C@]1(C)n1c3ccccc3c3c4c(c5c6ccccc6n2c5c31)C(=O)NC4,EOS101820,Rest
0,1,1,1,1,4,CC(C)(C)NC(=O)N[C@H](C(=O)N1C[C@H]2[C@@H]([C@H]1C(=O)NC(CC1CCC1)C(=O)C(N)=O)C2(C)C)C(C)(C)C,EOS101823,Rest
0,1,0,0,0,1,Cc1ccc(Cl)c(Nc2ccccc2C(=O)[O-])c1Cl,EOS101837,Rest
0,1,0,0,1,2,Cc1cccc(OCC(O)CNC(C)C)c1,EOS101843,Rest
0,1,0,0,0,1,NS(=O)(=O)c1cc2c(cc1Cl)NCNS2(=O)=O,EOS101868,Rest
0,1,0,1,0,2,N=C(N)NN=Cc1c(Cl)cccc1Cl,EOS101873,Rest
0,1,1,1,1,4,N[C@@H](CCC(=O)N[C@@H](CS)C(=O)NCC(=O)O)C(=O)O,EOS101875,Rest
1,1,0,1,1,4,COc1cc(N2CCC(N3CCN(C)CC3)CC2)ccc1Nc1ncc(Cl)c(Nc2ccccc2P(C)(C)=O)n1,EOS101883,Rest
0,1,0,1,0,2,[O-][n+]1ccccc1S,EOS101921,Rest
0,1,0,1,0,2,C[C@](N)(Cc1ccc(O)cc1)C(=O)O,EOS101940,Rest
0,1,0,0,0,1,C[C@](N)(Cc1ccc(O)c(O)c1)C(=O)O,EOS101953,Rest
0,1,0,1,0,2,O=C/C=C/c1ccccc1,EOS101961,Rest
0,1,0,0,0,1,Nc1nc(-c2ccccc2)c(Br)c(=O)[nH]1,EOS101973,Rest
0,0,0,0,1,1,COc1c(N2C[C@@H]3CCCN[C@@H]3C2)c(F)cc2c(=O)c(C(=O)O)cn(C3CC3)c12,EOS101978,Rest
0,1,1,1,1,4,O=C(O)CN(CCN(CC(=O)O)CC(=O)O)CCN(CC(=O)O)CC(=O)O,EOS102010,Rest
0,1,0,1,0,2,N=C(N)N1CCc2ccccc2C1,EOS102043,Rest
0,1,0,1,1,3,O=C(O)C(Cl)(Cl)Cl,EOS102044,Rest
0,1,0,0,0,1,NS(=O)(=O)c1ccc(NCc2ccccc2)cc1,EOS102052,Rest
0,1,0,1,1,3,c1ccc2sc(SSc3nc4ccccc4s3)nc2c1,EOS102056,Rest
0,1,0,1,0,2,Nc1c2c(nc3ccccc13)CCCC2,EOS102074,Rest
0,1,0,1,0,2,Cc1ccnc(N)c1,EOS102083,Rest
0,1,0,0,0,1,CNC(=O)Oc1cccc2ccccc12,EOS102107,Rest
0,1,0,0,0,1,O=C(N/N=C/c1ccccc1O)c1ccncc1,EOS102112,Rest
0,0,0,0,1,1,CCN(CC)CCOC(=O)C1(c2ccccc2)CCCC1,EOS102132,Rest
0,0,1,1,1,3,CCOc1ccccc1OCCN[C@H](C)Cc1ccc(OC)c(S(N)(=O)=O)c1,EOS102165,Rest
0,1,0,1,0,2,Nc1cc(-c2ccncc2)c[nH]c1=O,EOS102183,Rest
0,0,0,0,1,1,COC(=O)C1=C(C)NC(C)=C(C(=O)OCC(C)C)C1c1ccccc1[N+](=O)[O-],EOS102218,Rest
0,0,0,1,1,2,COc1ccc(CC(C)NCC(O)c2ccc(O)c(NC=O)c2)cc1,EOS102221,Rest
0,0,0,1,1,2,COc1cc(N)c(Cl)cc1C(=O)NC1CCN(CCCOc2ccc(F)cc2)CC1OC,EOS102241,Rest
0,1,0,1,0,2,NCCc1ccc(O)c(O)c1,EOS102253,Rest
0,0,0,0,1,1,COc1ccc(Cc2nccc3cc(OC)c(OC)cc23)cc1OC,EOS102269,Rest
0,1,0,0,0,1,CC(C(=O)[O-])c1cccc(Oc2ccccc2)c1,EOS102277,Rest
0,1,0,1,0,2,CC(=O)OC1CN2CCC1CC2,EOS102293,Rest
0,1,0,0,0,1,Cc1cc(C(C)(C)C)c(O)c(C)c1CC1=NCCN1,EOS102295,Rest
0,1,0,1,0,2,CNC1(C)C2CCC(C2)C1(C)C,EOS102298,Rest
0,1,0,0,0,1,CC(N/C(=N/c1ccncc1)NC#N)C(C)(C)C,EOS102300,Rest
0,0,0,0,1,1,CC(C)N(CCC(C(N)=O)(c1ccccc1)c1ccccn1)C(C)C,EOS102301,Rest
0,1,0,0,0,1,COc1c2occc2c(OC)c2c(=O)cc(C)oc12,EOS102305,Rest
0,1,0,1,1,3,Clc1ccc(CSC(Cn2ccnc2)c2ccc(Cl)cc2Cl)cc1,EOS102309,Rest
0,1,0,0,0,1,Cc1c(N(C)C)c(=O)n(-c2ccccc2)n1C,EOS102310,Rest
0,0,0,1,1,2,CNC(=C[N+](=O)[O-])NCCSCc1ccc(CN(C)C)o1,EOS102312,Rest
0,1,1,1,1,4,Cc1cc(N)c2ccccc2[n+]1CCCCCCCCCC[n+]1c(C)cc(N)c2ccccc21,EOS102343,Rest
0,1,0,0,0,1,Nc1c2c(nc3ccccc13)CCCC2O,EOS102345,Rest
0,0,1,1,1,3,CCCCC[C@H](O)/C=C/[C@H]1[C@H](O)CC(=O)[C@@H]1CCCCCCC(=O)O,EOS102348,Rest
0,1,0,0,0,1,CC(c1ccccc1)c1ccc(O)cc1O,EOS102354,Rest
0,1,0,1,1,3,ClC=C(Cl)Cl,EOS102368,Rest
1,1,0,1,1,4,O=C1OC2(c3ccccc31)c1cc(Br)c(O)c(Br)c1Oc1c2cc(Br)c(O)c1Br,EOS102370,Rest
0,0,0,0,1,1,CC(C)NCC(O)COc1cccc2[nH]c3ccccc3c12,EOS102375,Rest
0,0,0,0,1,1,O=C(CCCN1CCC2(CC1)C(=O)NCN2c1ccccc1)c1ccc(F)cc1,EOS102379,Rest
0,0,0,0,1,1,CN(C)c1ccc(C(O)(c2ccc(N(C)C)cc2)c2ccc(N(C)C)cc2)cc1,EOS102393,Rest
0,1,0,0,0,1,NS(=O)(=O)c1ccc(N2CCCCS2(=O)=O)cc1,EOS102397,Rest
0,1,0,0,1,2,CC(C)NC[C@H](O)COc1ccc(O)cc1,EOS102398,Rest
0,1,1,1,1,4,NCCCC(O)(P(=O)([O-])[O-])P(=O)([O-])[O-],EOS102401,Rest
1,1,0,1,1,4,O=C([O-])c1c(Cl)c(Cl)c(Cl)c(Cl)c1-c1c2cc(I)c(=O)c(I)c-2oc2c(I)c([O-])c(I)cc12,EOS102440,Rest
0,1,0,1,1,3,CC(C)CCOc1ccc(NC(=S)Nc2ccc(OCCC(C)C)cc2)cc1,EOS102444,Rest
0,1,0,0,0,1,Nc1cc(Cl)c(NC2=NCCN2)c(Cl)c1,EOS102449,Rest
0,0,0,1,1,2,Cn1c(CCCC(=O)O)nc2cc(N(CCCl)CCCl)ccc21,EOS102463,Rest
0,1,0,1,0,2,O=c1cccc2n1C[C@@H]1CNC[C@H]2C1,EOS102956,Rest
0,1,0,1,0,2,Cc1cc(=O)oc2cc(O)ccc12,EOS98571,Rest
0,0,0,0,1,1,COc1cc(/C=C/C(=O)CC(=O)/C=C/c2ccc(O)c(OC)c2)ccc1O,EOS98582,Rest
0,1,0,1,0,2,O=c1[nH]cc(F)c(=O)[nH]1,EOS98599,Rest
0,1,0,1,0,2,CC1=NS(=O)(=O)c2cc(Cl)ccc2N1,EOS98647,Rest
